Company Name,RBZ Sector Classification
Master Box Investments Pv,Financial & Investments
Muzeya Family Trust,Financial & Investments
Empowered Woman Excel Co,Services
Suncrown Estates Pvt Ltd,Financial & Investments
Brihaspati Mining,Mining
Rivercome Trading PL,Services
National Handling Services,Services
SHIUNFA AND SEA PVT LTD,Services
Conquenar,Services
High Achievers Coach Educ,Transport
CHINA AND ZIMBABWE BAOCHENG BRICKS,Manufacturing
Silwood Property Syndicate Pvt Ltd,Financial & Investments
DOLPHINS TELECOMS PRIVATE LTD,Communications
Ngezha Credit Solutions Pvt Ltd,Services
Tanmel Investments Pvt Ltd,Financial & Investments
Whalethink International Pvt Ltd,Services
Velsal Projects Pvt Ltd,Services
Tobacco Sales Floor Pvt Ltd,Agriculture
Funds Logistics Pvt Ltd Sub,Transport
Wovenstars Pvt Ltd,Services
Zion Christian Church,Services
Mbudzi Peoples Market Pvt Ltd,Services
Kudu Enterprises Pvt Ltd,Services
Oatlands Farm PL,Agriculture
Wild Leaf Farms PL,Agriculture
CHOMATT ENTERPRISES PRIVATE LIMITED,Services
Cydaline Investments Pvt Ltd,Financial & Investments
Premier Pest Control Srvices,Services
Landpro Pvivate Ltd,Services
Beretta Brothers Nostro FCA (Domest,Services
Rijeka Africa Pvt Ltd,Services
Galfab Investments Pvt Ltd,Financial & Investments
Contigain Construction Pvt Ltd,Construction
Holy Cross Anglican Church CPCA,Services
Shearwater Adventures Pvt Ltd,Financial & Investments
Felicity Solar Private Ltd,Services
WVL Engineering P-L EXPENSES ACC,Manufacturing
Wawninns Propeties Pvt Ltd,Services
Clanton Investments Pvt L,Financial & Investments
Bellzer Ent PL TA Kingsmead Guest,Services
VISTA CHARTERED ACCOUNTANTS ZIMBABWE,Services
Trillion Cart Investments Pvt Ltd,Financial & Investments
Archstruct Design Partner,Services
Moonlight Provident Associates Exec,Services
Hong Kong Great Advanced Tech PL,Services
T M Supermarkets Pvt Ltd,Distribution
Copperwares (Pvt) Ltd FCA Exports,Services
Musami Mission R A,Services
Advanced Idea Ventures Pvt Ltd,Financial & Investments
V S Nyangulu and Associates Busines,Transport
Cillas Conference Centre,Services
Byword Trading Pvt Ltd,Services
UNO ENERGIES ZIM PVT LTD,Services
Premier Tobacco Aution Floors Pvt L,Agriculture
Pulsivale investments P/L,Financial & Investments
CBZ HOLDINGS LIMITED NOSTRO,Financial Organisation
Chimani Wood Pvt Ltd,Services
Takakou Private Limited,Services
Warnborough Mansions Flat Owners,Services
Grainworth Investments,Financial & Investments
Morning Star Christian Academy,Services
Nyadara Ventures Pvt Ltd,Financial & Investments
Saltis Consulting Salaries Account,Services
HUALIN INVESTMENTS PVT LTD,Financial & Investments
WINGATE POWER BOAT CLUB,Services
The National Employment C,Services
Divine Family Internation,Services
Speedway Commerce Pvt Ltd,Services
Mabvazuva West Residents Association Fund,Services
YANGZI INVESTMENTS PVT LTD,Financial & Investments
Umzingwane Rural District Council H,Services
Surefresh Incorporated Pvt Sub acc,Services
Webs For Africa Technolgies Pvt Ltd,Services
BRICKS FOR ZIMBABWE (PVT) LTD,Manufacturing
Toolmaking and Engineering Pvt Ltd,Manufacturing
Albco Private Limited,Services
LABOR OUTSOURCING ZIMBABWE PVT LTD,Services
VISTA GLOBAL PVT LTD,Services
RSHM SISTERS HARARE,Services
Western Union Suspense Account,Services
Medical HUB Healthcare,Services
AFRODISTRIBUTORS PVT LTD,Manufacturing
Chicago Cosmetics Pvt Ltd,Services
Trust Blessing Pvt Ltd,Financial & Investments
Zambezi Procurement Company,Services
Autotrophic Investments Pvt Ltd,Financial & Investments
Roncadin Investments,Financial & Investments
Daeco Pvt Ltd T/A Butcher Shop,Services
Caroline Mugodori,Services
Convex Capital Pvt Ltd,Financial Organisation
Drip Tech Irrigation,Agriculture
ALSACE TRUST,Financial & Investments
Jolly Jongwe Meats p-l,Services
Research Support Centre Uz Chs,Services
Medi Vet Pvt Ltd,Services
Mtsholozi Consulting Engi,Services
MAT GARDEN HOTEL (Pvt) Ltd,Services
Ross Musara Transport Pvt Ltd,Transport
Sabre Business World - Sub 1,Transport
Zimnat Financial Services,Services
Utande Internet Services,Communications
Imaginic Investments Pvt Ltd,Financial & Investments
Intergrated Properties Pvt Ltd,Financial & Investments
Aluta Land Developers and Construct,Construction
Big Bull Construction Pvt Ltd,Construction
Robert Root and Company Trust Accou,Financial & Investments
Twenties Capital Private Limited,Financial Organisation
Chingford Trading PL,Services
Maka Farm Pvt Ltd,Agriculture
St John Apostolic Church Of The Whole World,Services
Track It Nostro FCA (Exports) SME,Services
Prestige Cleaning Service Pvt Ltd,Services
Elizabeth Florist,Services
Verdex Engineering Pvt Ltd,Manufacturing
IT Education Zimbabwe Sub,Services
Valspree Holdings EXPENSES ACC,Financial Organisation
CHT Zimbabwe Pvt Ltd,Services
FLANK BASE INVESTMENTS PVT LTD,Financial & Investments
Mutarazi Skywalk and Zipline,Services
Splash Plastics Pvt Ltd,Manufacturing
LIFESTYLE COLOURS PVT LTD,Services
Irame Trdng TA West Somerton Garden,Services
Hillview College,Services
Palemoon Investments Pvt Nostro FCA,Financial & Investments
Tyre Tech Pvt Ltd,Manufacturing
Duarte Investments,Financial & Investments
Milestone and Greatman Pvt Ltd,Services
Sunstart Investments Pvt Ltd,Financial & Investments
Nevsun Investments Sub PL,Financial & Investments
Safeguard Security Serivices PL,Services
Timely Motion Pvt Ltd,Services
Oatech Pvt Ltd,Services
Hookgate Investments P-L,Financial & Investments
MELBOURNE ROAD TRUST,Financial & Investments
Perranwell Investments PL FCA Dom,Financial & Investments
Praise Construction Sub,Construction
National Distributors 1981 P/L,Manufacturing
Merbraz PVT LTD,Services
Jin An Coal Development Pvt Ltd,Mining
Hempac Trading Pvt Ltd,Services
Nheyo Prime Developments Pvt Ltd,Services
Rosesky Investments,Financial & Investments
The Concorde Trust,Financial & Investments
NICHOLAS MARUMISA,Services
Inotrade Investments,Financial & Investments
The Bumi Hills Foundation Trust,Financial & Investments
Exodus and Company Mining Pvt Ltd,Mining
Zarco Private Limited,Services
Girls and Women Empowerment 2,Services
Mesits Enterprises Pvt Ltd,Services
Skip-It Waste Management,Services
Abner-Coos Neieltech t/a A.C.N.,Services
Africa Premier Safaris Pvt Ltd,Services
WEBCAL Air Private Expenses Account,Services
Pabvute Gourmet Pvt Ltd,Services
ACDC Dynamics,Services
Fugra Trading Pvt Ltd,Services
Cross Front Investments P,Financial & Investments
Northen Products PL,Services
Gibsand Enterprises,Services
Sunday Crew,Services
Stewart Maenzanise,Services
WIZTRADE INVESTMENTS,Financial & Investments
Northern Farming P/l,Agriculture
Moshulu Grain Pvt Ltd,Agriculture
Arrow Furniture and Hardware Suppli,Manufacturing
Romweb Investments Pvt Ltd,Financial & Investments
Intellego Investment Consultants su,Financial & Investments
Television City Byo Pvt Ltd,Communications
Maxbark Investments Pvt Ltd,Financial & Investments
Rujeko Home Based Care-Vana Bantwan,Services
Sifloy Investments,Financial & Investments
NAJULAX INVESTMENTS PRIVATE LIMITED,Financial & Investments
WEALTH ACCESS INVESTMENT MANAGERS P,Financial & Investments
Ranpec Enterprise Pvt Ltd,Services
Boccoloko Investments T/A Pvt Ltd,Financial & Investments
Zenith Distributors P/L,Manufacturing
Gain Cash and Carry Pvt Ltd,Distribution
Liltin Properties Pvt Ltd,Financial & Investments
Octance Tax And Accounting Pvt Ltd,Services
Khuphe Majamanda Law Chambers,Services
Ergoflex Invstments Pvt Ltd,Services
SAXIN ENTERPRISES PVT LTD,Services
Azam Media Zimbabwe Pvt Ltd,Communications
Kasambabezi Lodge,Services
Luna Scope,Services
AMS Medical Laboratories,Services
Faith Ministries Chadcomb,Services
Grand Rapids Enterprises,Services
SIMBERG ta REID INFRASTRUCTURE AND RESOURCES,Services
Maclestar Trading Pvt Ltd FCA Dom,Services
Cement City Private Limited,Manufacturing
SHARPE BUSINESS ACADEMY TRUST,Transport
Cruscate Investments Expenses Accou,Financial & Investments
Unifive Commodities,Services
Ten Ten Technologies Private Limited,Services
Farai Lobo,Services
Toprank Investments Pvt Ltd,Financial & Investments
Allyafrica Enterprises Pvt Ltd,Services
Infralink P-L,Services
National Foods Logistics Pvt Ltd,Transport
Travel Trip Distribution Pvt Ltd,Distribution
Superlinx Logistics Pvt Ltd,Transport
Matanuska Distribution PL,Distribution
MedTech Distribution,Distribution
Unifreight Africa Limited,Transport
Mitchell Cotts Freight Zi Sub,Transport
Pace Logistics Private Limited,Transport
Cailogistics Pvt Limited,Transport
Fastjet Zimbabwe Ltd 2,Services
Automodif Pvt Ltd,Services
Makanaka Investments POS Acc,Services
Lian Logistics Pvt Ltd,Transport
Superlinx Logistics Pvt Ltd,Transport
Tafanasteph Investments Sub,Services
Min Taxis FCA Dom,Transport
Mayne Services Pvt Ltd,Services
Intrans Pvt Ltd Nostro,Services
FBL Transport Pvt Ltd,Transport
R Ajara Trucking Logistic FCA Dom,Transport
Zimlowbeds Pvt Ltd,Services
Bellini Coachwork Pvt Ltd,Transport
Palmshell Investments,Services
Khloes Trucking And Logistics Pvt L,Transport
Terraworld Investments Pl,Services
L Kashaya Plant and Haula,Transport
Rollexy Pvt Ltd Sub,Services
Willdale Transport Serv Pl In Liqui,Transport
Addsek Investments Pvt Ltd,Services
Fern Valley- Dora water trunk line construction as,Construction
ZAOGA Mount Pleasant,Services
Target Research PL,Services
SECURITIES AND EXCHANGE COMM OF ZIM,Services
Zion Apostolic Church 1923 Youth,Services
UNIEVER INVESTMENTS PRIVATE LIMITED,Services
TINMANDY (PRIVATE) LIMITED,Services
Volsec Security Zimbabwe Sub,Services
R.C.Z. -Kuwadzana Congregation,Services
Borrowdale Investments,Services
Jiangxi International Zimbabwe PL,Services
Kilhof Pvt Ltd,Services
Multi-Tech Diagnostic Ser Sub,Services
Motor Spares Multi-Purpose Co-operative,Services
Icraft P/L,Services
Gladercom Ent t/a Gladercom Freight,Transport
Four Films Pvt Ltd,Services
Kukura Seed House Pvt Ltd,Services
Moejo's Motors,Services
Panacea Medicals Pvt Ltd,Services
Trivest Invetsments Pvt Ltd,Services
Legendary Parts Centre POS account,Services
Duke Fab Private Limited,Services
L.S Ventures ta Goldern Acres,Mining
Bright Luminary Investments Pvt Ltd,Services
RUJEKO EDUCATION BASE,Services
SOLTEN FINANCIAL SERVICES PVT LTD,Services
Msasa Industrial Training expenses,Services
Kepzite Inv PL TA Absolutley Water,Services
Cresbeck Private Limited,Services
The Optical Centre,Services
Pamushana Africa Group Pvt Ltd,Services
MEGA MARKET PVT LTD,Distribution
Medscheme Zimbabwe Pvt Ltd,Services
Laboserv Investments Pvt Nostro FCA,Services
Inyasha Trust,Services
ZCPAWU,Services
Think Rain PBC Card Acc,Services
GUNDU AND DUBE LEGAL PRACTITIONERS,Services
Enersol Engineering Pvt Ltd 2,Construction
Tsogolo Amalgamated Traders Association Trust,Services
Gahlot Mining Private Limited,Mining
NEW SAHARA VENTURES,Services
Klein Karoo Seed Mkt Zim FCA Exp,Services
Major Power and Construction P/L,Construction
Catalyst Borans Pvt Ltd,Services
Cresolzim Accounting PBC,Services
Top Link ta Pauls Pest Co,Services
Samsach Inv ta Ajay Butchery Sub,Services
Zorway International Pvt,Services
Roadside Co-opertaive,Services
Proplastics Limited,Services
Prage Logistics Pvt Ltd,Transport
Locomotion Africa Private Limited,Services
Lombard Safaris PL ta Wings Travel,Services
Vista Chartered Accountants Zimbabwe-Salaries ac,Services
Mabvazuva Residents Association Cluster 9,Services
Clive Gregory Gas Services Pvt Ltd,Services
John the Baptist Anglican C.P.C.A,Services
BLUGEN CONSULTANTS PVT LTD,Services
Waterpower (Pvt) Ltd Sub,Services
Jeuca Investments Pvt Ltd,Services
Salmaan Shariff Umerjee,Services
Shamima Umerjee,Services
Strachan's Photo Pharmacy Pvt Ltd,Services
JUHAFI INDUSTRIES PRIVATE LIMITED,Manufacturing
Big Horns Constr and Engi,Services
Safari Studio Private Ltd,Services
Christina Zvirehwi Chabuka,Services
My Furniture House Pvt Ltd,Services
Vibzo Enterprises Pvt Ltd,Services
WENGAI HANGA,Services
Shiri Yekutanga Bus t-a A,Services
Veld Farms,Services
G and T Scale Services Pv,Services
Turn Plant Hydraulics Pvt Ltd,Services
Ferair Pvt Ltd,Services
Top Pcos Trading Card Supp Account,Distribution
Highway Queens Pvt Ltd,Services
ConfidePay Pvt Ltd,Services
Zamar Trading PBC,Distribution
Strants Plumbing Pvt Ltd,Services
Fristline Builders,Construction
Bon LaitierPvt Ltd,Services
Nabro Investments,Services
Spirit Embassy Trust,Services
Clever Mutondohori,Services
Mong Enterprises Pvt Ltd,Services
Samuel Murambiwa,Services
Cheziya Redy Cooperative,Services
QUIPMAX INVESTMENTS,Services
Oakeley Investments Private Limited,Services
Xpert Print Pvt Ltd,Services
Stephen Mutumhe,Services
Setinmotion Private Limited,Services
Pelidic Investments Pvt Ltd,Services
KNIGHTSHADE CONCENTRATES PVT LTD,Services
Produco Pvt Ltd,Services
TRALYTEN THERAPY SERVICES PBC,Services
DANCOOL REFRIGERATION (PVT) LTD,Services
Storage Utilities Pvt Ltd,Services
Double Action Cleaners Petty Cash 2,Services
Windcliff Investments Pvt Ltd,Services
Zetterano Service TA Plaster Centre,Services
Basford Services T/A Pointer Safari,Services
MABERLY INVESTMENTS PVT LTD,Services
Eberhard Services Pvt Ltd,Services
Cell Services (Pvt) Ltd FCA Dom,Services
Rivet Roost Pvt Ltd,Services
Pausegate Investments Pl,Services
Kuntem Traders PL,Services
Clean Inside out Pvt Ltd,Services
BUSH AND OCEAN PVT LTD,Services
Maltas Brothers Pvt Ltd FCA NOS DOM,Services
Auto Star ta Forklift And Auto Ser,Services
Sarah and Richard John Palmer,Services
Moriah Security Services ta Herming,Services
SCOUT AERIAL HOLDINGS PVT LTD,Services
Fresh Baypro Distributor,Services
Tintel Capital Pvt Ltd,Financial & Investments
E. I. D. Enter P/L t/a Tracparts,Services
Jabula Tourism Pvt Ltd,Services
Rentserve Property Management,Services
THE RESIDENCE HILLS GUEST HOUSE PVT LTD,Services
St Andrews Anglican Glen View,Services
BRUCE TADIWANASHE SIKELO,Services
Ginger Apple Group,Services
Mepsol Enterprises Pvt Ltd,Services
Parrotlet Investments Private Limited,Services
Mountwise Consultants Expenses Acco,Services
Reden Gold Mining Pvt Ltd,Mining
Inhabitreap Investments Private Limited,Services
Frost Measured Capital Pv,Financial & Investments
Farm Force Equipment,Services
The Peter Lindsay Trust,Services
Avid Marketing Group Pvt Ltd,Distribution
Supp Flowell Farming ta fairhi,Services
Nomel Investments,Services
Luxotel Suites Private Ltd,Services
Musendekwa-Mtisi Legal Practitioner,Services
Farai and Associates Trust Account,Services
Klinkin Pvt Limited,Services
Garaquip P/L,Services
Radco Pvt Ltd,Services
WOODBROOK ZESA PROJECT,Services
Powerspeed Electrical Limited,Services
Sannat Surgery Pvt Ltd,Services
Kianga Investments,Services
Edsam Investments Pvt Ltd,Services
Sacwood Contractors TA P,Construction
Clippard Hydraulics and I,Services
Leadgate Ent t/a Corporate Copiers,Services
TROY ROBERT MAIDWELL AND TROY ROBERT MAIDWELL AND,Services
Approved Vision Investments,Services
Minspro Trading Private Limited,Distribution
TYNWALD UNITED METHODIST CHURCH,Services
Construction Laboratory Services Su,Construction
Mutare S.P.C.A,Services
Floors And Cladding PVT LTD,Services
Normac Pvt Ltd,Services
JOWTA HAULAGES PVT LTD,Transport
Knowe West Church SDA,Services
Baba Vedu Enterprises No 2,Services
Ocean Guru Pvt Ltd,Services
WHITE SAFARIS AND RESTROOMS PVT LTD,Services
Eyestone Quarry Sub,Services
Pokugara Properties Pvt Ltd,Services
Xpressprintshop Pvt Ltd,Services
Cleoport Ent TA Pump System Africa,Services
Shurugwi Takura Farmers Investments,Services
Maunga Maanda And Associa,Services
Marlborough SDA Church Stand,Services
Radiant Rose Beauty Clinic Pvt Ltd,Services
MARSHALL PAINTERS AND DECORATIVE PVT LTD,Services
Baztech Incorporated,Services
Kwekwe Islamic Society,Services
Sea of Dreams Investments,Services
Lormix Investment TA M and M Joyous,Services
Computer Configurations Expenses,Services
Anephen Investments Sub,Services
Chesmand Graphics Pvt Ltd,Services
Care and Cure Surgical Stores Pvt L,Services
LINK STRAIGHT PLUMBERS PL,Services
ASHLEEN INVESTMENTS PL,Services
Vortigen Investment P/L,Services
Capital Laser Engineering Pvt Ltd,Construction
Greatcount Investments Pvt Ltd Greatcount Investments Pvt Ltd,Services
Awareness Partners PBC,Services
AT-PASCOE DEVELOPMENT SOLUTIONS PVT LTD,Services
Smooth and Shine Invetsments Pvt Ltd,Services
Global Risk Underwriting POS Sub,Services
Speedy Power Hire Pvt Ltd,Services
AFM HATFIED,Services
Rungwandi and Company,Services
City Of Bulawayo,Services
ZIMRA,Services
City Of Harare,Services
POTRAZ FCA DOM,Communications
Zinara Fuel Levy,Transport
Grain Marketing Board,Agriculture
Messenger of Court Hre Tr,Services
Chinhoyi University SUB ACCOUNT,Services
CITY OF GWERU,Services
ZETDC Eastern Region Account,Services
Masvingo Polytechnic,Services
Ruwa Local Board Agent POS,Services
City of Mutare,Services
ZIMSEC,Services
Zvimba Rural District Council,Services
Mahuwe Clinic Mbire district tempo,Services
Zimbabwe Marian Guilds,Services
Roman Catholic Diocese Of Mutare,Services
Community of The Blessed,Services
Borrowdale Residents and Rate Payer,Services
Whitestone Church,Services
St Joseph Mission Hos Dominican Sis,Services
Paoz Transformation Centre,Services
SDA Nyamande Primary School,Services
Petra School Trust -Petra College,Services
ZNLWVA,Services
Pathway Primary School FCA Domest,Services
Oriel Girls High School,Services
Dumezweni Primary School,Services
Lilfordia School,Services
Gweru Nursery School,Services
MARYWARD HIGH SCHOOL,Services
Inzwananzi Primary School,Services
Rarangwe Primary School,Services
St Marys High School St Marys High School,Services
Mweyamutsvene High School,Services
AMHLOPHE HIGH SCHOOL,Services
Girls College,Services
Brooklands Nursery School,Services
Pinewood High School,Services
Zengea Primary School Card Acc,Services
Morgan High School Staff Association,Services
Joylands Group Of Schools,Services
Faith Ministries Southlea Park,Services
Premier Business School,Services
Bickleighvale Farm Primary School,Services
Nhaka African Worldview A/C 2,Services
Dominican Sisters Card Account,Services
Natview Church Of Christ,Services
Bulawayo Central District,Services
Apostolic Flame Ministries Of Zimba,Services
Kenton College Pvt Ltd,Services
Anglican Schools Association (Pry),Services
The Salvation Army Harare,Services
Anglican Diocese of Masvi,Services
Sacred Heart Jesuit Community,Services
To Love A Child Zimbabwe,Services
Christian Education Trust,Services
R J Davies Primary School,Services
Mutasa Primary School,Services
Hope For Mtshabezi Trust Pvt Ltd,Services
ST Padre Pio Secondary School,Services
ROPAFADZO MOREBLESSING SIBANDA,Services
Eagle House International School,Services
Mubayiwa Attorneys,Services
Soroptimist International Bulawayo,Services
Fadzayi Garikayi Family Trust,Services
Ministry of Health Chitsungo Nostro,Services
The Zimbabwe Institute,Services
Hope Alive Child Network,Services
Zombejena Oasis Fund,Services
Mundenda Primary School,Services
Matibi Mission Hospital,Services
Ronros Estate-Chandamale H Trust,Services
Forward in Prayer Virtuous Women,Services
The African Evangelical Church,Services
The Oasis Trust,Services
Battlefields Secondary School,Services
Tarewa Family Trust,Services
Disaster Victims Trust,Services
Little St Augustines Primary School,Services
Drake High School,Services
Dorcas Tracey Zimbiti Family Trust,Services
Mt Jenya Primary School,Services
Mutare City United Baptist Church,Services
Gunhill Nursery and Junior School,Services
Turning Matabeleland Green,Services
Kubatsira Trust,Services
Sandara Primary School SD,Services
The United Methodist Chur,Services
Victory Siyanqoba Trust,Services
Makokoba Church Of Christ,Services
Obva Development Association,Services
His Grace Foundation Trust,Services
Muza and Nyapadi Legal Practitioner,Services
Mageza Attorneys,Services
Harare Round Table 1,Services
GEMISAWUZ,Services
Carmelite Sisters Rays of Hope,Services
Heaven On Earth Trading Account,Services
St Davids Bonda Mission Childrens,Services
Faith Ministries Church Chinhoyi,Services
NAT COUNCIL OF DISABLED PERSON ZIM,Services
Petra Primary School,Services
Makhosini Primary School,Services
Funding Solutions SACCOS,Services
Word of Life Church School of Mini,Services
Aquakidz Swim School,Services
T R Mugabe Legal Counsel,Services
Primary Products Pvt Ltd,Services
IACZW,Services
Rapid Business Network Tr NOSTRO NG,Services
Tsorotso San Development Trust,Services
Sir Humphrey Gibbs Special Sch SIG,Services
Woodbrook North Freda Secton Electr,Services
Nonkwane Dev Association,Services
Golden Poultry Business Association,Services
Colden Properties Letting Trust Acc,Services
El Elyon Family Church Trust,Services
Anglican Diocese of Manicaland CPCA,Services
Center For Innovation & Technology,Services
Smile Foundation,Services
Ntombi Nto Girl Child Network Trust,Services
Zimbabwe Peace and Develpment Foun,Services
Concession District Hospital,Services
Masamvu and Da Silva Gustavo Law,Services
Melbourne Private Primary,Services
Blessed Hope Club,Services
Whitestone School Trust,Services
Redemptorist Development Trust,Services
White Zebra Housing Cooperative,Services
First Class Primary Schoo,Services
Grassroots Org Support Ce,Services
Chishawasha Land Project,Services
Vivian Matsa Law Offices,Services
Palm building property Trust,Services
BICC Nkulumane Benevolent Burial,Services
St Theresa Nursing School,Services
Promised Land Inclusive Disabled School,Services
True care charity trust,Services
Xolani Ngwenya,Services
National Foundation For The Disable,Services
Mawonera Attorneys,Services
Ndlovu and Pratt Law Trust Acc,Services
UZCHS CTRC,Services
St Davids Bonda School Fees Account St Davids Bonda School Fees Account,Services
Propconnect Real Estate A,Services
Ashmil Nursery School,Services
Selbourne Park Christ Ch,Services
El Bethel College,Services
The Phima Trust,Services
Tsetse Primary School SIG,Services
Nyamande Government Primary School,Services
The Matrix Trust,Services
Whitestone Pentecoastal Hse Interna,Services
Ruothy Educational Services P L,Services
Sasfcol Inv ta Rhuwa Propert Trust,Services
Mbonqane Secondary School,Services
Gopal Krishna Trust,Services
Kubatana Recyling Company,Services
The Well Of Hope Trust,Services
Tell Zimbabwe Trust,Services
Zimbabwe AIDS Network,Services
Gutu Mission Hospital,Services
Southerton Const Comm Dev Trust,Services
Takunda Primary School,Services
Petrotrade P/L,Distribution
Puma Energy Zimbabwe Pvt Ltd,Distribution
MOUNT MERU MILLERS ZIMBABWE PVT LTD,Manufacturing
All Solar Zim Pvt Ltd,Services
Padombo Mining Pvt Ltd,Mining
Petromoc Exor Pvt Ltd Salaries Acc,Distribution
Zimbabwe Zhongxin Electrical Energy Pvt Ltd,Distribution
P & H Mining Services,Mining
Quality Gas Pvt Ltd,Distribution
Zuva Petroleum Pvt Ltd Nostro FCA,Distribution
Deposit Protection Corporation,Services
NATIONAL SOCIAL SECURITY AUTHORITY,Services
ECOCASH PVT LTD BANKING ECOCASH PVT LTD BANKING,Financial Organisation
ZEIPF,Services
Cairns Foods Harare Depot POS,Manufacturing
Sublime Asset Management Private Limited,Financial & Investments
ZIMGOLD OIL INDUSTRIES PVT LTD,Distribution
Idbz,Services
NMB Bank Zimbabwe Limited,Financial Organisation
Local Authorities Pension Fund,Insurance
Mingchang Sino Africa Mining Investments,Mining
St Dominics Secondary School,Services
Dominican Convent High Sc Card,Services
DELEGATION OF THE EU,Services
Fidelity Gold Refiners Pvt Ltd,Mining
St Ignatius College,Services
Dominican Convent Primary,Services
Simboti Mining Pvt Ltd,Mining
ZIFA- Forward,Services
Friends Of Hwange Trust FCA NGO,Services
Zimbabwe Marian Guilds,Services
Roman Catholic Diocese Of Mutare,Services
Community of The Blessed,Services
Borrowdale Residents and Rate Payer,Services
Whitestone Church,Services
St Joseph Mission Hos Dominican Sis,Services
Paoz Transformation Centre,Services
SDA Nyamande Primary School,Services
Petra School Trust -Petra College,Services
ZNLWVA,Services
City Of Bulawayo,Services
ZIMRA,Services
City Of Harare,Services
POTRAZ FCA DOM,Services
Zinara Fuel Levy,Distribution
Grain Marketing Board,Services
Messenger of Court Hre Tr,Services
Chinhoyi University SUB ACCOUNT,Services
CITY OF GWERU,Services
ZETDC Eastern Region Account,Services
Masvingo Polytechnic,Services
Ruwa Local Board Agent POS,Services
City of Mutare,Services
ZIMSEC,Services
Zvimba Rural District Council,Services
Mahuwe Clinic Mbire district tempo,Services
Deposit Protection Corporation,Services
NATIONAL SOCIAL SECURITY AUTHORITY,Services
ECOCASH PVT LTD BANKING ECOCASH PVT LTD BANKING,Financial Organisation
ZEIPF,Services
Cairns Foods Harare Depot POS,Manufacturing
Sublime Asset Management Private Limited,Financial & Investments
ZIMGOLD OIL INDUSTRIES PVT LTD,Distribution
Idbz,Services
NMB Bank Zimbabwe Limited,Financial Organisation
Local Authorities Pension Fund,Insurance
Octalworld Services Pvt Ltd General,Services
Fairbridge Childrens Centre,Services
Huzny Pvt Ltd,Services
Shungu Properties,Financial & Investments
Kunyeda Investments Pvt Ltd,Services
Itea Distributors Private Limited,Distribution
Wolfman Investments (Pvt) Ltd,Services
G M Diagnostic X Ray Centre FCA Exp,Services
Ocean Coast Pvt Ltd,Services
Ascon Management and Investment PL,Services
Chimedza Former Students,Services
Hopepraise Electrical Private Limit,Services
Zundine Trading Pvt Ltd FCA Dom,Distribution
Waterfalls Islamic Society,Services
Graystone Realtors P L Trust A/c,Services
Tricktron Automotive PL TA Shanes A,Services
BANKET KUWADZANA PHASE 2 FUND,Financial Organisation
Jeremia Chaka,Services
Rasasi Private Limited,Services
Rotary Club Of Borrowdale Brooke,Services
PHOENIX FLEXIBLES PVT LT,Services
J S M Consulting (Pvt)Ltd,Services
Optinova Africa Pvt Ltd,Services
LEWIS TONDERAI TEMBO,Services
Jacinto Pvt ltd,Services
Avondale Christian Church,Services
Alendah and Sons,Services
PHOTOFUNDI PHOTOGRAPHY PBC,Services
Odzi Farm (Pvt) Card Acc,Agriculture
Moffat Heights Owners Ass,Services
DILAN BLESSING MACHONA,Services
Valley Groove Investments,Services
Girachson Pharmaceuticals,Services
Education Social Club,Services
Summerfields Resources PL NOSTRO Do,Services
SC HCare ta Maenzanise Drs SN n CP,Services
Edward Mawoyo,Services
Bath Farm Pvt Ltd,Agriculture
Bolbec Investments Pvt Ltd,Services
T I G Private Limited NOSTRO Dom,Services
Animalcare Ent Harare expenses acc,Services
Kwenda Panel Beaters (Pvt)Ltd,Services
Southern Properties Pvt Ltd,Financial & Investments
Southern Business Service FCA DOM,Services
MARASHE INVESTMENTS PVT LTD,Services
Lellyford Investment Pvt Ltd 2,Services
Gruffulo Investments Pvt Ltd,Services
Char Leathes,Services
Mashfords Funeral Assurance PL,Insurance
NARRACOTT INVESTMENTS PVT LTD,Services
KAYDEN PHAMARCY TA HOT JAM PHAMARCY,Services
The TN Baker,Services
Citadelpharm Private Limited,Services
ESSTOCK INVESTMENTS PVT LTD,Services
Achievers Leaf Tobacco Company,Agriculture
Tee To Tum Trading Pvt Ltd,Distribution
Thunderman Logistics Pvt Ltd,Transport
Paul and Adjei Private Lt,Services
Comox Trading Pvt Ltd,Distribution
St Johns High School at 90,Services
Greyfield Investments Pvt Ltd,Services
Baker Tilly Gwatidzo Chartered Acco,Services
Lifecheck Pharmacy P L,Services
Byo Shelter Welfare Organisation,Services
FBL GAS PRIVATE LIMITED,Services
Morbjoh Consultancy PL,Services
Karlsha Pvt Ltd,Services
Rui Tai Investments Private Limited,Services
Vifot Investments Pvt Ltd,Services
Edge Ahead Pvt Ltd TA Provision,Services
Enbee Stores Pvt Ltd,Services
Rock Sill Solutions,Services
Broadroot Investments Pvt,Services
Retvic TradingPL t/a Tiger Acc no 3,Distribution
Faith Ministries-Mbare Community Ch,Services
Zimbabwe Library Associat,Services
Flange Investments Pvt Ltd,Services
TPS Village Hope Trust Nostro,Services
Meta Moph Technologies,Services
Glad Tidings Fellowship Sub,Services
Yorbax Investments,Services
Bourne Incorporated Pvt L,Services
Golden Sun Mining Resources Private Limited,Mining
Masvingo Volleyball Association,Services
Arrupe College,Services
Mathewgreg Investments Pvt Ltd,Services
ADULIS INVESTMENTS PVT LTD,Services
Cobalt Trading Pvt Ltd,Distribution
IVF Melbourne Maternity,Services
Bongai Shamwari ECC Centre,Services
Extratop investments Pvt,Services
Support Printers and Packaging PL,Services
Krishna Travel and Tours,Services
Consoltech Pvt Ltd,Services
Daniel Aguiar Motors Pvt Ltd,Services
Pricewater House Coopers,Services
Mabvazuva Ruwa Cluster10 and 11,Services
Skyclare Enterprises Pvt Ltd,Services
Ferreiras Properties Pvt Ltd,Financial & Investments
Procifiency Consulting Group Intern,Services
Alleviate Health Services,Services
Garnet House Jesuit Community,Services
Mashonaland Central Cricket Assoc,Services
Resource Protection Truck Stop,Services
Galles Inv PL TA Southern Comfort,Services
Tram Graphics Pvt Ltd,Services
Willgreen Inv t/a Healthmart Pharma,Services
The Harare Club SUB,Services
Footprint Investments Pvt,Services
Maine Signs Pvt Ltd,Services
NMB Donations Account,Services
Dysort Enterprises Expenses Account,Services
Moramax Properties Pvt Ltd,Financial & Investments
Marin Assessors Pvt Ltd,Services
Southdowns SDA Church,Services
Trutop Investments Pvt Ltd,Services
Manicaland Athletics Board,Services
Masters Touch Consultancy,Services
SIMBAYO INVESTMENTS,Services
Bergin Corporation Pvt Ltd,Services
Mudzi Orphan Development Trust,Services
Matsuri Investment Pvt Ltd,Services
Alu Men Shopfitters Pvt Ltd,Services
Pegton Enterprises SUB ACCOUNT,Services
Ramblist Private Limited,Services
Sacred Heart of Jesus Guild,Services
Rockstone Family Health Clinic,Services
Platinum Milk Pvt Ltd TA Midlands Solar,Services
Pelosh Enterprises Pvt Ltd,Services
CORPORATE TWENTY FOUR HELATHCARE,Services
Ideanomu Pvt lTD,Services
Waterzone Engineering P L,Services
Wildlife and Environment Card Acc,Services
Goodrun Investments Pvt Ltd,Services
Capeq Plant Pvt Ltd,Services
First Towers Investments P/L,Services
MIDLAND ACRES DAIRY PVT LTD,Agriculture
Katanga Service Station Pl,Services
WILLIAM MANYANGA,Services
Geat Trade Security Pvt Ltd,Services
Petukesha Investments Pvt,Services
Face to Face Academy (Pvt) Ltd,Services
Mhlanga Tinovimba Dr Ta Melbourne Maternity Mhlanga,Services
Out of Africa Publications Pvt Ltd,Services
Tamba Tamba Zimbabwe Pvt Ltd,Services
Wideworld Emporium Private Limited,Services
H H Callaghan and Sons PL,Services
SHACKY CHIMOMBE,Services
Beeque Fitzwilliam Partne,Services
Seventh Day Adventist Church Shamva town centre,Services
OUTWARD,Services
Serene Funeral And Cremation Dir Pl,Services
Manicaland Hills Energy Pvt Ltd,Distribution
Primestep Investments Pvt Ltd,Services
Oak Hill Learning Centre,Services
HELMSCOR ENTERPRISES,Services
Beauty Max Trading Pvt Lt Sub,Distribution
Takudzwa Mbizo,Services
ELF PROPERTIES PVT LTD,Financial & Investments
ROBERT ROOT CONSULTANCY KENT RD TRUST,Services
Coverzen Insurance Pvt Ltd,Insurance
Newmarcher Investments Pv,Services
Erdogal Enterprises Private Limited,Services
Tothmet Investments Pvt Ltd,Services
Hub Unit Trading,Distribution
National Anglican Theological College,Services
Mega Petroleum,Distribution
Connick Investments PL FCA Dom,Services
Mike Harris Toyota Pvt Ltd,Services
Les Bijoux Enterprises Pl,Services
Glen View 3 Seventh Day Adventist,Services
Olistaste Enterprises Pvt,Services
Nytel Communication PVT Ltd,Services
African Preserves Pvt Ltd African Preserves Pvt Ltd,Services
PEG Investments Pvt Ltd,Services
The Home Handlers Private Limited,Services
Dravental Car Rental,Services
Chaka Guvheya Dumbura Electrification Project,Services
Motor Sounds and Auto Electrics P/L,Services
Pracsol Developers Enterprises Pvt,Construction
Naesad Investments Sub,Services
Healsoft Pharmaceutical PL,Services
Constellation Instrument,Services
Hyderabad Investments PL,Services
Fercochem Pvt Ltd,Services
Mediconnect Pharmaceuticals,Services
Energex International Pvt Ltd,Services
Treasure Cronies Enterprises,Services
Stansilous and Associates Bus Acc,Services
PHILLIP PANGANAI MUJURU,Services
Matronald Signs Private Limited,Services
Roar Investments Pvt Ltd,Services
Proeli Logistics Pvt Ltd,Transport
PETE ELECTRICAL CONTRACTORS PVT,Construction
Syrhema Projects Private Limited,Services
Comarton Consultants Preservation,Services
Black Box Investments Pvt,Services
CORPORATE ICON GIFTS P L,Services
Coromed Suppliers and Distributor,Services
Baobweb Pvt Ltd,Services
MIMACH RESTAURANT AND TAKEAWAY,Services
Sipitslowli ((Pvt) Ltd,Services
Gumtree Survival Cooperative,Services
Wertpa Engineering t/a Applied Auto,Services
Strict Sense Investments TA Irmaos Strict Sense Investments TA Irmaos,Services
IETC Zimbabwe,Services
City Boys Liqour (Private) Limited,Services
Fern Valley- Dora water trunk line construction as,Construction
ZAOGA Mount Pleasant,Services
Target Research PL,Services
SECURITIES AND EXCHANGE COMM OF ZIM,Services
Zion Apostolic Church 1923 Youth,Services
UNIEVER INVESTMENTS PRIVATE LIMITED,Services
TINMANDY (PRIVATE) LIMITED,Services
Volsec Security Zimbabwe Sub,Services
R.C.Z. -Kuwadzana Congregation,Services
Borrowdale Investments,Services
Jiangxi International Zimbabwe PL,Services
Kilhof Pvt Ltd,Services
Multi-Tech Diagnostic Ser Sub,Services
Motor Spares Multi-Purpose Co-operative,Services
Icraft P/L,Services
Gladercom Ent t/a Gladercom Freight,Transport
Four Films Pvt Ltd,Services
Kukura Seed House Pvt Ltd,Services
Moejo's Motors,Services
Panacea Medicals Pvt Ltd,Services
Trivest Invetsments Pvt Ltd,Services
Legendary Parts Centre POS account,Services
Duke Fab Private Limited,Services
L.S Ventures ta Goldern Acres,Mining
Bright Luminary Investments Pvt Ltd,Services
RUJEKO EDUCATION BASE,Services
SOLTEN FINANCIAL SERVICES PVT LTD,Services
Msasa Industrial Training expenses,Services
Kepzite Inv PL TA Absolutley Water,Services
Cresbeck Private Limited,Services
The Optical Centre,Services
Pamushana Africa Group Pvt Ltd,Services
MEGA MARKET PVT LTD,Distribution
Medscheme Zimbabwe Pvt Ltd,Services
Laboserv Investments Pvt Nostro FCA,Services
Inyasha Trust,Services
ZCPAWU,Services
Think Rain PBC Card Acc,Services
GUNDU AND DUBE LEGAL PRACTITIONERS,Services
Enersol Engineering Pvt Ltd 2,Construction
Tsogolo Amalgamated Traders Association Trust,Services
Gahlot Mining Private Limited,Mining
NEW SAHARA VENTURES,Services
Klein Karoo Seed Mkt Zim FCA Exp,Services
Major Power and Construction P/L,Construction
Catalyst Borans Pvt Ltd,Services
Cresolzim Accounting PBC,Services
Top Link ta Pauls Pest Co,Services
Samsach Inv ta Ajay Butchery Sub,Services
Zorway International Pvt,Services
Roadside Co-opertaive,Services
Proplastics Limited,Services
Prage Logistics Pvt Ltd,Transport
Locomotion Africa Private Limited,Services
Lombard Safaris PL ta Wings Travel,Services
Vista Chartered Accountants Zimbabwe-Salaries ac,Services
Mabvazuva Residents Association Cluster 9,Services
Clive Gregory Gas Services Pvt Ltd,Services
John the Baptist Anglican C.P.C.A,Services
BLUGEN CONSULTANTS PVT LTD,Services
Waterpower (Pvt) Ltd Sub,Services
Jeuca Investments Pvt Ltd,Services
Salmaan Shariff Umerjee,Services
Shamima Umerjee,Services
Strachan's Photo Pharmacy Pvt Ltd,Services
JUHAFI INDUSTRIES PRIVATE LIMITED,Manufacturing
Big Horns Constr and Engi,Services
Safari Studio Private Ltd,Services
Christina Zvirehwi Chabuka,Services
My Furniture House Pvt Ltd,Services
Vibzo Enterprises Pvt Ltd,Services
WENGAI HANGA,Services
Shiri Yekutanga Bus t-a A,Services
Veld Farms,Services
G and T Scale Services Pv,Services
Turn Plant Hydraulics Pvt Ltd,Services
Ferair Pvt Ltd,Services
Top Pcos Trading Card Supp Account,Distribution
Highway Queens Pvt Ltd,Services
ConfidePay Pvt Ltd,Services
Zamar Trading PBC,Distribution
Strants Plumbing Pvt Ltd,Services
Fristline Builders,Construction
Bon LaitierPvt Ltd,Services
Nabro Investments,Services
Spirit Embassy Trust,Services
Clever Mutondohori,Services
Mong Enterprises Pvt Ltd,Services
Samuel Murambiwa,Services
Cheziya Redy Cooperative,Services
QUIPMAX INVESTMENTS,Services
Oakeley Investments Private Limited,Services
Xpert Print Pvt Ltd,Services
Stephen Mutumhe,Services
Setinmotion Private Limited,Services
Pelidic Investments Pvt Ltd,Services
KNIGHTSHADE CONCENTRATES PVT LTD,Services
Produco Pvt Ltd,Services
TRALYTEN THERAPY SERVICES PBC,Services
DANCOOL REFRIGERATION (PVT) LTD,Services
Storage Utilities Pvt Ltd,Services
Double Action Cleaners Petty Cash 2,Services
Windcliff Investments Pvt Ltd,Services
Zetterano Service TA Plaster Centre,Services
Basford Services T/A Pointer Safari,Services
MABERLY INVESTMENTS PVT LTD,Services
Eberhard Services Pvt Ltd,Services
Cell Services (Pvt) Ltd FCA Dom,Services
Rivet Roost Pvt Ltd,Services
Pausegate Investments Pl,Services
Kuntem Traders PL,Services
Clean Inside out Pvt Ltd,Services
BUSH AND OCEAN PVT LTD,Services
Maltas Brothers Pvt Ltd FCA NOS DOM,Services
Auto Star ta Forklift And Auto Ser,Services
Sarah and Richard John Palmer,Services
Moriah Security Services ta Herming,Services
SCOUT AERIAL HOLDINGS PVT LTD,Services
Fresh Baypro Distributor,Services
Tintel Capital Pvt Ltd,Financial & Investments
E. I. D. Enter P/L t/a Tracparts,Services
Jabula Tourism Pvt Ltd,Services
Rentserve Property Management,Services
THE RESIDENCE HILLS GUEST HOUSE PVT LTD,Services
St Andrews Anglican Glen View,Services
BRUCE TADIWANASHE SIKELO,Services
Ginger Apple Group,Services
Mepsol Enterprises Pvt Ltd,Services
Parrotlet Investments Private Limited,Services
Mountwise Consultants Expenses Acco,Services
Reden Gold Mining Pvt Ltd,Mining
Inhabitreap Investments Private Limited,Services
Frost Measured Capital Pv,Financial & Investments
Farm Force Equipment,Services
The Peter Lindsay Trust,Services
Avid Marketing Group Pvt Ltd,Distribution
Supp Flowell Farming ta fairhi,Services
Nomel Investments,Services
Luxotel Suites Private Ltd,Services
Musendekwa-Mtisi Legal Practitioner,Services
Farai and Associates Trust Account,Services
Klinkin Pvt Limited,Services
Garaquip P/L,Services
Radco Pvt Ltd,Services
WOODBROOK ZESA PROJECT,Services
Powerspeed Electrical Limited,Services
Sannat Surgery Pvt Ltd,Services
Kianga Investments,Services
Edsam Investments Pvt Ltd,Services
Sacwood Contractors TA P,Construction
Clippard Hydraulics and I,Services
Leadgate Ent t/a Corporate Copiers,Services
TROY ROBERT MAIDWELL AND TROY ROBERT MAIDWELL AND,Services
Approved Vision Investments,Services
Minspro Trading Private Limited,Distribution
TYNWALD UNITED METHODIST CHURCH,Services
Construction Laboratory Services Su,Construction
Mutare S.P.C.A,Services
Floors And Cladding PVT LTD,Services
Normac Pvt Ltd,Services
JOWTA HAULAGES PVT LTD,Transport
Knowe West Church SDA,Services
Baba Vedu Enterprises No 2,Services
Ocean Guru Pvt Ltd,Services
WHITE SAFARIS AND RESTROOMS PVT LTD,Services
Eyestone Quarry Sub,Services
Pokugara Properties Pvt Ltd,Services
Xpressprintshop Pvt Ltd,Services
Cleoport Ent TA Pump System Africa,Services
Shurugwi Takura Farmers Investments,Services
Maunga Maanda And Associa,Services
Marlborough SDA Church Stand,Services
Radiant Rose Beauty Clinic Pvt Ltd,Services
MARSHALL PAINTERS AND DECORATIVE PVT LTD,Services
Baztech Incorporated,Services
Kwekwe Islamic Society,Services
Sea of Dreams Investments,Services
Lormix Investment TA M and M Joyous,Services
Computer Configurations Expenses,Services
Anephen Investments Sub,Services
Chesmand Graphics Pvt Ltd,Services
Care and Cure Surgical Stores Pvt L,Services
LINK STRAIGHT PLUMBERS PL,Services
ASHLEEN INVESTMENTS PL,Services
Vortigen Investment P/L,Services
Capital Laser Engineering Pvt Ltd,Construction
Greatcount Investments Pvt Ltd Greatcount Investments Pvt Ltd,Services
Awareness Partners PBC,Services
AT-PASCOE DEVELOPMENT SOLUTIONS PVT LTD,Services
Smooth and Shine Invetsments Pvt Ltd,Services
Global Risk Underwriting POS Sub,Services
Speedy Power Hire Pvt Ltd,Services
AFM HATFIED,Services
Rungwandi and Company,Services
Natpak Private Limited,Services
Investmed Healthcare Pvt Ltd,Services
The Scout Association of Zim FCA,Services
Beaulamour Pvt Ltd t/a Meals on Whe,Services
Light Christian College,Services
Becktric Investments Pvt Ltd NOSTRO,Services
Southern Africa Infrustru,Services
Zimbabwe National Evangelism Task,Services
Riemes Hoggar Pvt Ltd,Services
NDR Inve PL TA Oriental Takeaway,Services
Winsworld Pvt Ltd,Services
Gapecrip Enterprises P L,Services
Anode Engineering PBC,Manufacturing
Sacred Heart Of Jesus Parish Church,Services
PLASTEX EXPRESS PVT LTD,Services
PEACEY ESTATES (PVT) LTD PEACEY ESTATES (PVT) LTD,Financial & Investments
Tasungana Co-operative,Services
Adylinn Place Home Owners Associati,Services
Masmed Pharmacy Pvt Ltd,Services
Fincent Securities Pvt Ltd,Services
Zayaf Enterprises Pvt Ltd,Services
OURO TANQUE (Pvt) Ltd,Services
Lake Harvest Distribution Pvt Ltd,Services
Tunkett Investments Pvt Ltd,Services
Chitsa & Masvaya Business Account,Services
Fibreglass Engineer PBC,Services
Palmlife Pvt Ltd,Services
New Creation Life Ministries Trust,Services
AVASET PRIVATE LIMITED,Services
PESCA (Pvt)Ltd,Services
JUSTICE NYAMADZAWO,Services
Satmap Investments Private Limited,Services
Novpan Investments Pvt Ltd,Services
Cara Gold Pvt Ltd,Services
Furniture Galore Pvt Ltd,Services
RS NCUBE ATTORNEYS,Services
Propak Hessian Pvt Ltd TSF,Services
Four All Security Sub acc,Services
Lazarus Chikovha,Services
Alturas Enterprises Expenses Accoun,Services
Tafadzwa Mangere,Services
Khen Auto Solutions Private Limited,Services
Dreamsky Investments Pvt Ltd,Services
Bluedog Pvt Ltd ta The Plot,Services
Freshpicks Private Limited,Services
Horsefield Engineering P/l,Manufacturing
Vannecom Investments pvt ltd,Services
Hillview Zesa Project,Services
AIRHAWK AUTO PVT LTD,Services
Mupray Investments Pvt Ltd,Services
Rufaro Marketing Pvt Ltd,Services
Ruwodo Investments,Services
Christian Missionary Fellowship Chu,Services
Josm Electrical Pvt Ltd Expenses,Services
B And S Mcheken Contractors B And S Mcheken Contractors,Construction
Bensen Zindere,Services
Beauty Emporium Private Limited,Services
Ethical Leaf Tobacco,Services
Organisation of African Instituted Churches,Services
Pathways Autism Trust,Individuals
Reign Mgt Consultancy Trust,Individuals
Bowscale Enterprises Private Limited,Services
Anderson Gusalo,Services
Pellny Investments Pvt Ltd,Services
South Medical Chitungwiza Hospital,Services
Synostar Trading Pvt Ltd,Distribution
New Life Ministries International,Services
Amaveni High School GPF Account,Services
Africa Building Supplies P/L,Services
Knitefray Investmets TA Richmond Sp,Services
Regina Nyakwenda,Services
Batrac Investment Pvt Ltd,Services
Zimbabwe Democratic Teachers Union,Services
Nonezero Agency Pvt Ltd SUB,Services
Tendekai Incorporation Pv,Services
Acumen Microfinance Pvt Ltd,Financial Organisation
TECHTIP PRIVATE LIMITED,Services
Macshane Enterprises Pvt Ltd,Services
Callies Agency Investments Pvt Ltd,Services
Tatenda Safaris Pvt Ltd,Services
Farmstyle Pl,Services
Alimedi P L,Services
Letral Investments Pvt Ltd,Services
Supersafe Automation Sub,Services
Midlands Volley Ball Association,Services
Supreme Medical Suppliers Africa,Services
Sunny Store Pvt Ltd,Services
Royal Logo Mats Pvt Ltd,Services
Trendy Style Hive t/a C3 Merchants,Services
Dzimbahwe Guest Lodge PL,Services
Ronald Lameck Nikisi,Services
Tanq Vest Incorporated,Services
Brethren In Christ Church Pumula,Services
MUNYAI BRIGHTON INVESTMENTS PVT LTD,Services
Life Spring Ministries,Services
Events Evolution Private Limited,Services
BIG EAGLE INVESTMENTS PVT LTD,Services
Paddock Hydraulics Pvt Ltd Sub Acc,Services
Sky Global Travel And Tours Private,Services
VIMBAINASHE SHAMU,Services
EVERISTO CHABURA,Services
Contact Investments Pvt Ltd,Services
Herstal Industrial and Mining,Mining
Memorable Awards Pvt Ltd,Services
Macadams Foodcourt P/L,Services
Asia House Pvt Ltd,Services
Chris Canvas Works Pvt Ltd,Services
Frederick McAlister William,Services
BEVAN BONDE,Services
Crediconnect Pvt Ltd,Services
New Wine Ministries,Services
Mahatshula Zone NAPH,Services
Zishiri Enterprises Pvt Ltd,Services
BAPS Investments Pvt Ltd,Services
Sarchar Homes Private Limited,Services
Wizear Trust,Individuals
CAMA PROFESSIONAL GROUP,Services
Mantaray Investments Pvt,Services
Metal Pin Investments Pvt,Services
Pungwe Breweries and Marketing,Services
PAKEEZA INVESTEMNETS PVT LTD,Services
Vanlog Ent ta Kenlink Pharmacy,Services
MISTY MEADOWS MEMORIAL PARK PL,Services
VERDIS GROWTH CAPITAL (PVT) LTD,Services
Elshadai Civil Constructi,Services
Byskmer Inv P/L,Services
Strobe Electronics P L Ind NOSTRO,Services
City Presbyterian Church,Services
Netcare Medical Centre,Services
Howard Jauma,Services
The Anchor of Christ International Ministry,Services
The Health Spar Pvt Ltd,Services
KGOTSEKIANA INVESTMETS PVT LTD,Services
Vital Grace Investments,Services
William Transport and Crane,Transport
Unique Customs P L,Services
Calemond Investments Private Limited,Services
Tunridge Trading ta Wheeler Engines,Distribution
Mabvuku Reformed Church,Services
Madzima Madzima,Services
Catercraze Pvt Ltd Sub,Services
The Omar Family Trust,Individuals
NYANZVI MAZVIKOKOTA CHININGA,Services
Tinashe Chitanda PBC,Services
Syndicate Golden Mariner,Services
Karimba Estates Pvt Ltd,Financial & Investments
Prism Motors (Pvt) Ltd Sub,Services
Reliable Cleaners Pvt Ltd,Services
First Class Legal Aid Society,Services
Lucky Elephant (Private),Services
Beatrice Rural Hospital,Services
Jetlab Medical Solutions Pvt Ltd,Services
Panacea Medicals Pvt Ltd,Services
City Presbyterian Church,Services
Star Screen Investments,Services
Atticus Investments Pvt Ltd,Services
Mfafet Medical TA Oasis Medical,Services
St Davids Bonda Parish Church,Services
HEALTHMODE PHARMACY POS SUB ACC,Services
Jugo Enterprises PL TA Jugo Freight,Transport
Cathkin Investments Pvt Ltd,Services
Ampath Laboratories Pvt L Sub acc,Services
Ipcress Investments PL Nostro FCA D,Services
Executive Loss Control Pvt Ltd,Services
Labbuaggage Solutions (Pvt) LTD,Services
Goods Carrier Services,Services
Oh So Sushi Pvt Ltd,Services
Ashley Plate,Services
Estow Investmets Pvt Ltd,Services
Masvingo Truck and Car Pv,Services
Dusk Home Store,Services
Eclipse Executive Selection Pvt Ltd,Services
FARMERS DEPOT,Services
Corporate Shading PL NOSTRO DOM,Services
ENERGY FANI,Services
Star Centre Industrials Pvt Ltd,Services
Karimbuya Enterprises,Services
K N Jeram and Sons,Services
Jipsochic Investments,Services
Biriyad Projects Private Limited,Services
Dendairy Pvt Ltd,Services
Pinnacle Baptist Assemblies,Services
Knowgrace Investments Pvt Ltd,Services
Gabriel Makanyisa,Services
Space Creations Pvt Ltd,Services
Frampol Investments,Services
AMTEC PVT LTD,Services
Maware Sibanda Commercial Lawyers,Services
Musaen Consultants Pvt Ltd,Services
Chantry Haven Pvt Ltd,Services
Masonic Building Trust Of Harare,Individuals
Vegastar International Pvt Ltd,Services
Paexsam Engineers Pvt Ltd,Services
Rawsome Supplies Pvt Ltd,Services
Warwick House Owners Association,Services
Destiny Defined Pvt Ltd,Services
Heating Energy Ventilation (HEVACRAZ),Services
Numeri lncorporation PL,Services
Wonder Chitinya,Services
Brainscope Investments Sub,Services
Crewstead Trading Pvt TA Flametech,Distribution
Winlife Pvt Ltd,Services
Famba Excursions Pvt Ltd,Services
Blackhat Technologies Pvt Ltd,Services
Workman Zimbabwe,Services
NUTRIMASTER PVT LTD,Services
Defence Shield Security Systems Pvt,Services
ALICK NKOMO,Services
Jiangxi Geological and Mineral Zim,Mining
Mattongy Investments Private Limited,Services
C and M Plant Hire Pvt Ltd,Construction
West Wing Health Center,Services
Sephardi Hebrew Congregation of Zim,Services
Inarc Design Pvt Ltd,Services
Nuglo Investments Pvt Ltd,Services
Palacina T/A Clive and Associates,Services
SHANGANI SUB CATCHMENT COUNCIL,Government
Nacpets Tours T A Helios,Transport
Blue Ocean Pharmaceutical,Services
Upland Enterprises Pvt Ltd,Services
Gliding Star Enterprises,Services
Hong Ri Trading Pvt Ltd,Distribution
Zimbabwe Phamaceuticals Pvt Ltd,Services
T E M Holdings Pvt Ltd,Financial & Investments
Greystone Park Electrical,Services
Eyestone Junior school,Services
Zimbabwe Petroleum and Allied Worke,Services
Sumplus Enterprises (PVT),Services
Cafca Limited,Services
PINEHAM ENTERPRISES PVT LTD,Services
Hilmax Engineering Pvt Ltd,Construction
Caltron Investments Pvt Ltd,Services
Infinity Services Pvt Ltd,Services
C P F Holdings,Financial & Investments
Benevolent Tech Pvt Ltd,Services
New Era Geophysics PL,Mining
Touch Distributors Pvt Ltd,Distribution
Dynapack Inv Pvt Ltd ta The Venue 2,Services
Kelway Inv PL TA Malcom Lodge,Services
Perrennial Travel Experts Pvt Ltd,Transport
Nestvale Enterprises Pvt,Services
Word of Life Church Projects Accoun,Services
Geodetic Surveying And Engineering,Construction
Ariston Management Services Pvt Ltd,Services
Mazhetese and Partners Le,Services
Nebuer Consulting International,Services
Shannon Services Pvt Ltd,Services
SEASHI LOGISTICS PRIVATE LIMITED,Transport
Honda Service Centre P/l,Services
Manhambo Investments Pvt SUPP,Services
Voyager Bureau De Change Pvt Ltd,Services
Ocean Marina Pvt Ltd,Services
Northern Tobacco Pvt Ltd,Mining
ZEDI NONDWANE PROJECT,Services
Ayalby Auto Spare Parts,Services
Rute Green Grow Investments,Services
Livetouch Investments,Services
Edurate Inv Pvt Ltd,Services
E Livestock Zimbabwe,Services
Ink Draughting Pvt Ltd,Services
Property Track Pvt Ltd,Services
Radiographers Association of Zimbab,Individuals
Three Creatives Investments PL,Services
Baines Avenue Clinic Pvt Ltd,Services
ZAH-ZEEN INVESTMENTS,Services
Tapitana Smartpay Private Limited,Services
Earth Energy,Energy
Embassy Building PL,Services
Friends For Child Development,Services
TRANSRAY DIAGNOSTICS,Services
Telstone Trading (Pvt) Ltd,Distribution
Titaku Environmental Engineers PL,Services
Human Performance Solutions P L,Services
Donstone Investments Pvt Ltd,Services
Anglican Council of Zimbabwe,Services
Harbourfront Investments Pvt Ltd,Services
Smartkool (Private) Limited,Services
Leadways Multiple Agent P,Services
Speciss Pvt Ltd,Services
Gunje Legal Practice Trust Account,Financial & Investments
Raise- Much Enterprises P/L,Services
Langsyn Trust And Investment Co,Financial & Investments
Umzingwane RDC Drill Rig,Services
FAMS Freight Forwarding Pvt Ltd,Transport
Munster Investments,Services
Oven Art Pvt Ltd,Services
Valitrade Investments Pvt Ltd,Services
The Prestige Trust,Financial & Investments
Itirai Musavengana,Services
Tee and Tee Wholesale Pvt Ltd,Distribution
Pest Portal Pvt Ltd,Services
DUNEXAS INVESTMENTS PVT LTD,Services
The Boggie Trust NOSTRO NGO,Financial & Investments
FISCAL PRO PVT LTD,Services
Gahadzikwa & Mupunga,Services
Juden Petroleum,Services
Ian Dlamini T-A Woodland Lodge,Services
Mukuvisi Manufacturing C-operative Union,Manufacturing
Pickmark Investments Private Limited,Services
Frontier Earth and Equipment,Services
Travellers Dream Pvt Ltd,Transport
Sharif Umerjee,Services
Tobacco Sales Administration Svs,Mining
Oak Ed Pvt Ltd,Services
Royal Chartered Accountant Trust Ac,Financial & Investments
Christ Church Borrowdale,Services
City Mirage Private Limited,Government
Falak Ayan Investments Pvt Ltd,Services
Harare Metropolitan Tennis Board,Services
Comewealth Trading PL,Distribution
Richard Jimika,Services
Zaywa Logistics,Transport
Braford Inve TA Braford Lubricants,Services
Funo Tobacco Pvt Ltd,Mining
Mansfield Investments,Services
Latoma Investments Pvt Ltd,Services
Wise Owl Hotel Pvt Ltd Wise Owl Hotel Pvt Ltd,Services
Supreme Investments 1970(Pvt) Ltd,Services
THOROUGH SERVICES PVT LTD,Services
Transithomes Private Limited,Services
The Recruitment Company P Expenses,Services
Warapp Engineering Pvt Ltd Sub,Construction
Solanum Trading,Distribution
Mauriberg Investments,Services
NDT Inspection Office Ops,Services
Claremont Twenty One PL POS,Services
RUBY R TRAILWAYS,Services
Masvingo Provincial Hospi,Services
Dube Tachiona and Tsvangirai Trust,Financial & Investments
Slice Distributors Pvt Ltd,Distribution
Dominion Projects Pvt Ltd,Services
Energy First Services Pvt Ltd,Energy
Xylorep Trading Private Ltd,Distribution
Holy name Catholic Church,Services
Broadhaven Concrete,Services
Ospeg Investments,Services
NECST Expense Account,Services
Cool Creek Investments,Services
Brethren In Christ-Cowdray Park,Services
Maxaprofit Inv PL,Services
Burger Properties,Services
Wild Africa Travel Servic,Transport
MUSAMI MISSION JESUITS,Services
Wavell House Pvt Ltd EXPENSES ACC,Services
ST DAVIDS BONDA ANGLICAN CHURCH,Services
SOSONO AND PARTNERS,Services
Steba Land Surveyors Pvt Ltd,Construction
Cosmos Capital Limited,Financial & Investments
Dynacare Laboratories Pvt,Services
Vivid Chemicals TA Brilli,Services
Spinal Africa Investments Pvt Ltd,Services
HunanNonferrous Geological Exploration Institution,Mining
Life Imaging and Diagnostic Centre,Services
Quality Paints and Wallpapers,Services
JMD Travel and Toors Pvt Ltd,Transport
SIZE INVESTMENTS PVT LTD,Services
Health Maintenance Networ,Services
Kundati Inv Pvt Ltd Card Acc,Services
MOROZ TOBACCO COMPANY PVT LTD,Mining
Southtrack Investments Pvt Ltd,Services
Dragon Bytes Private Ltd,Services
Anglican Church of the Province of,Services
Greybes Investments Pvt Ltd,Services
Mhara River Bush Camp,Transport
Dandaro Home Owners Association,Individuals
The Zambezi Coachworks Trust,Financial & Investments
Sakubva Church of Christ,Services
Procurement Trading Pvt Ltd,Distribution
Christ Embassy,Services
Milford Engineering Pvt Ltd,Construction
Dalfoam Engineering Pvt Ltd,Construction
Siy King Pvt Ltd,Services
Life Jewels Pvt Ltd Card Acc,Services
Nieuwoudtsville Trust,Financial & Investments
Bantu Creations Pl,Services
ZCPHP,Services
Flint Private Limited FCA DOM,Services
Comstar Tech Pvt ltd,Services
St Peters Kubatana Zimdef,Services
Omnichem 1980 PVT LTD,Services
Bells Florist CARD Acc,Services
Newlands Distributors Pvt,Distribution
Tichafanana Housing Co-operative,Services
Global Leaf Tobacco Pvt Ltd,Mining
Pottery Industries PVT LTD,Manufacturing
Genus Electronics (Pvt) L,Services
Redhills Farm PL,Services
Honda Coventry Pvt Ltd Sub acc,Services
Rafferty Investments Pvt Ltd,Services
St Ignatius of Loyola Catholic Church,Services
Pathology Laboratories,Services
Deta Projects Pvt Ltd,Services
Hawkseye Security (Pvt) L Card Acc,Services
Rick Union Enterprises 2,Services
Scripted Stationery Pvt Ltd Sub Acc,Services
FANYE POWER ZIMBABWE PVT LTD,Energy
Allwear (Pvt)Ltd,Services
Travel Box Pbc,Transport
Oklah Oasis Pvt Ltd,Services
Eyestone Senior School P.M.A.T,Services
Girop Chartered Certified Accountants Pvt Ltd,Transport
Tonberg Investments PL,Services
GIFT NHAWU,Services
SH Oncology Pvt Ltd SH Oncology Pvt Ltd,Services
Direct Optimization Technologies,Services
Valleyside Funeral Services Pvt Ltd,Services
Blackhat Technologies Pvt Ltd,Services
Workman Zimbabwe,Services
NUTRIMASTER PVT LTD,Services
Defence Shield Security Systems Pvt,Services
ALICK NKOMO,Services
Jiangxi Geological and Mineral Zim,Mining
Mattongy Investments Private Limited,Services
C and M Plant Hire Pvt Ltd,Construction
West Wing Health Center,Services
Sephardi Hebrew Congregation of Zim,Services
Inarc Design Pvt Ltd,Services
Nuglo Investments Pvt Ltd,Services
Palacina T/A Clive and Associates,Services
SHANGANI SUB CATCHMENT COUNCIL,Government
Nacpets Tours T A Helios,Transport
Blue Ocean Pharmaceutical,Services
Upland Enterprises Pvt Ltd,Services
Gliding Star Enterprises,Services
Hong Ri Trading Pvt Ltd,Distribution
Zimbabwe Phamaceuticals Pvt Ltd,Services
T E M Holdings Pvt Ltd,Financial & Investments
Greystone Park Electrical,Services
Eyestone Junior school,Services
Zimbabwe Petroleum and Allied Worke,Services
Sumplus Enterprises (PVT),Services
Cafca Limited,Services
PINEHAM ENTERPRISES PVT LTD,Services
Hilmax Engineering Pvt Ltd,Construction
Caltron Investments Pvt Ltd,Services
Infinity Services Pvt Ltd,Services
C P F Holdings,Financial & Investments
Benevolent Tech Pvt Ltd,Services
New Era Geophysics PL,Mining
Touch Distributors Pvt Ltd,Distribution
Dynapack Inv Pvt Ltd ta The Venue 2,Services
Kelway Inv PL TA Malcom Lodge,Services
Perrennial Travel Experts Pvt Ltd,Transport
Nestvale Enterprises Pvt,Services
Word of Life Church Projects Accoun,Services
Geodetic Surveying And Engineering,Construction
Ariston Management Services Pvt Ltd,Services
Mazhetese and Partners Le,Services
Nebuer Consulting International,Services
Shannon Services Pvt Ltd,Services
SEASHI LOGISTICS PRIVATE LIMITED,Transport
Honda Service Centre P/l,Services
Manhambo Investments Pvt SUPP,Services
Voyager Bureau De Change Pvt Ltd,Services
Ocean Marina Pvt Ltd,Services
Northern Tobacco Pvt Ltd,Mining
ZEDI NONDWANE PROJECT,Services
Ayalby Auto Spare Parts,Services
Rute Green Grow Investments,Services
Livetouch Investments,Services
Edurate Inv Pvt Ltd,Services
E Livestock Zimbabwe,Services
Ink Draughting Pvt Ltd,Services
Property Track Pvt Ltd,Services
Radiographers Association of Zimbab,Individuals
Three Creatives Investments PL,Services
Baines Avenue Clinic Pvt Ltd,Services
ZAH-ZEEN INVESTMENTS,Services
Tapitana Smartpay Private Limited,Services
Earth Energy,Energy
Embassy Building PL,Services
Friends For Child Development,Services
TRANSRAY DIAGNOSTICS,Services
Telstone Trading (Pvt) Ltd,Distribution
Titaku Environmental Engineers PL,Services
Human Performance Solutions P L,Services
Donstone Investments Pvt Ltd,Services
Anglican Council of Zimbabwe,Services
Harbourfront Investments Pvt Ltd,Services
Smartkool (Private) Limited,Services
Leadways Multiple Agent P,Services
Speciss Pvt Ltd,Services
Gunje Legal Practice Trust Account,Financial & Investments
Raise- Much Enterprises P/L,Services
Langsyn Trust And Investment Co,Financial & Investments
Umzingwane RDC Drill Rig,Services
FAMS Freight Forwarding Pvt Ltd,Transport
Munster Investments,Services
Oven Art Pvt Ltd,Services
Valitrade Investments Pvt Ltd,Services
The Prestige Trust,Financial & Investments
Itirai Musavengana,Services
Tee and Tee Wholesale Pvt Ltd,Distribution
Pest Portal Pvt Ltd,Services
DUNEXAS INVESTMENTS PVT LTD,Services
The Boggie Trust NOSTRO NGO,Financial & Investments
FISCAL PRO PVT LTD,Services
Gahadzikwa & Mupunga,Services
Juden Petroleum,Services
Ian Dlamini T-A Woodland Lodge,Services
Mukuvisi Manufacturing C-operative Union,Manufacturing
Pickmark Investments Private Limited,Services
Frontier Earth and Equipment,Services
Travellers Dream Pvt Ltd,Transport
Sharif Umerjee,Services
Tobacco Sales Administration Svs,Mining
Oak Ed Pvt Ltd,Services
Royal Chartered Accountant Trust Ac,Financial & Investments
Christ Church Borrowdale,Services
City Mirage Private Limited,Government
Falak Ayan Investments Pvt Ltd,Services
Harare Metropolitan Tennis Board,Services
Comewealth Trading PL,Distribution
Richard Jimika,Services
Zaywa Logistics,Transport
Braford Inve TA Braford Lubricants,Services
Funo Tobacco Pvt Ltd,Mining
Mansfield Investments,Services
Latoma Investments Pvt Ltd,Services
Wise Owl Hotel Pvt Ltd Wise Owl Hotel Pvt Ltd,Services
Supreme Investments 1970(Pvt) Ltd,Services
THOROUGH SERVICES PVT LTD,Services
Transithomes Private Limited,Services
The Recruitment Company P Expenses,Services
Warapp Engineering Pvt Ltd Sub,Construction
Solanum Trading,Distribution
Mauriberg Investments,Services
NDT Inspection Office Ops,Services
Claremont Twenty One PL POS,Services
RUBY R TRAILWAYS,Services
Masvingo Provincial Hospi,Services
Dube Tachiona and Tsvangirai Trust,Financial & Investments
Slice Distributors Pvt Ltd,Distribution
Dominion Projects Pvt Ltd,Services
Energy First Services Pvt Ltd,Energy
Xylorep Trading Private Ltd,Distribution
Holy name Catholic Church,Services
Broadhaven Concrete,Services
Ospeg Investments,Services
NECST Expense Account,Services
Cool Creek Investments,Services
Brethren In Christ-Cowdray Park,Services
Maxaprofit Inv PL,Services
Burger Properties,Services
Wild Africa Travel Servic,Transport
MUSAMI MISSION JESUITS,Services
Wavell House Pvt Ltd EXPENSES ACC,Services
ST DAVIDS BONDA ANGLICAN CHURCH,Services
SOSONO AND PARTNERS,Services
Steba Land Surveyors Pvt Ltd,Construction
Cosmos Capital Limited,Financial & Investments
Dynacare Laboratories Pvt,Services
Vivid Chemicals TA Brilli,Services
Spinal Africa Investments Pvt Ltd,Services
HunanNonferrous Geological Exploration Institution,Mining
Life Imaging and Diagnostic Centre,Services
Quality Paints and Wallpapers,Services
JMD Travel and Toors Pvt Ltd,Transport
SIZE INVESTMENTS PVT LTD,Services
Health Maintenance Networ,Services
Kundati Inv Pvt Ltd Card Acc,Services
MOROZ TOBACCO COMPANY PVT LTD,Mining
Southtrack Investments Pvt Ltd,Services
Dragon Bytes Private Ltd,Services
Anglican Church of the Province of,Services
Greybes Investments Pvt Ltd,Services
Mhara River Bush Camp,Transport
Dandaro Home Owners Association,Individuals
The Zambezi Coachworks Trust,Financial & Investments
Sakubva Church of Christ,Services
Procurement Trading Pvt Ltd,Distribution
Christ Embassy,Services
Milford Engineering Pvt Ltd,Construction
Dalfoam Engineering Pvt Ltd,Construction
Siy King Pvt Ltd,Services
Life Jewels Pvt Ltd Card Acc,Services
Nieuwoudtsville Trust,Financial & Investments
Bantu Creations Pl,Services
ZCPHP,Services
Flint Private Limited FCA DOM,Services
Comstar Tech Pvt ltd,Services
St Peters Kubatana Zimdef,Services
Omnichem 1980 PVT LTD,Services
Bells Florist CARD Acc,Services
Newlands Distributors Pvt,Distribution
Tichafanana Housing Co-operative,Services
Global Leaf Tobacco Pvt Ltd,Mining
Pottery Industries PVT LTD,Manufacturing
Genus Electronics (Pvt) L,Services
Redhills Farm PL,Services
Honda Coventry Pvt Ltd Sub acc,Services
Rafferty Investments Pvt Ltd,Services
St Ignatius of Loyola Catholic Church,Services
Pathology Laboratories,Services
Deta Projects Pvt Ltd,Services
Hawkseye Security (Pvt) L Card Acc,Services
Rick Union Enterprises 2,Services
Scripted Stationery Pvt Ltd Sub Acc,Services
FANYE POWER ZIMBABWE PVT LTD,Energy
Allwear (Pvt)Ltd,Services
Travel Box Pbc,Transport
Oklah Oasis Pvt Ltd,Services
Eyestone Senior School P.M.A.T,Services
Girop Chartered Certified Accountants Pvt Ltd,Transport
Tonberg Investments PL,Services
GIFT NHAWU,Services
SH Oncology Pvt Ltd SH Oncology Pvt Ltd,Services
Direct Optimization Technologies,Services
Valleyside Funeral Services Pvt Ltd,Services
Lozino Invetments Pvt Ltd,Services
Matanah College,Services
Zimphos Country Club,Services
SADLER & COMPANY (FURNISHERS) PVT LTD,Distribution
Amana Marketing Pvt Ltd,Distribution
Inspiration Africa Enterprises PL,Services
Kensington Centre Pvt Ltd,Services
Pirex Trading Private Limited,Distribution
Penhalonga Preparatory School,Services
Kantor Enterprises Pvt Ltd,Services
PEOPLE EDGE CONSULTING,Services
Musami Mission Parish,Services
Kinlive Investments Pvt Ltd,Services
LUQAYA PRIVATE LIMITE,Services
Emthree Tactical Suppliers P/L,Services
Fert Map Private Limited sub,Services
SUPREME BRANDS PVT LTD,Services
New Health Two Six Three PL,Services
Interafrica Forwarders (Pvt) Ltd,Transport
Haybrook Enterprise Pvt Ltd,Services
Candara Invesments Pvt Ltd,Services
Eastern Grace Private Limited Eastern Grace Private Limited,Services
Identity Consultancy,Services
Rainspell Enterprises Pvt Ltd,Services
Vinefields Trading Pvt Lt,Distribution
Residential Crime Consul Expenses,Services
Matebeland Scout Counci,Services
Evolution Health and Life Assurance,Financial & Investments
Velary Capita Investments Pvt Ltd,Services
Msasa Park Seventh Day Adventist,Services
Camel Auto Pvt Ltd,Transport
Generation Health Medical FCA Domes,Services
Footpro Private Limited,Services
2nd Harare Borrowdale Scout Group,Services
Cabletech Investments (Pvt) Ltd,Services
Lawkab Bulk Logistics PL,Transport
N E C For The Clothing Industry,Services
Afromass (Pvt) Ltd,Services
Gwens Apparel Pvt Ltd,Services
Chinamasa Mudimu and Maguranyanga,Services
Chikonamombe Incorporated Pvt Ltd,Services
Dombera Farm Holdings Pvt Ltd,Financial & Investments
Naidec IInvestments Pvt Ltd,Services
Geribran Services P/l,Services
Homerest Furnitures Pvt Ltd,Services
Egodini Payroll Services Pvt Ltd,Services
Zimplow Ltd TA CT Bolts,Services
SPECIAL STEELS ZIMBABWE PVT LTD,Services
Zimbabwe Motor Distributors,Distribution
Tinafadzo Trust,Services
Victory Celebration Church,Services
Mungwalala Investments Pvt Ltd,Services
Mountpack Investments Pvt Ltd,Services
Fastenery Hardware,Distribution
Senjoe Logistics,Transport
Romapix Housing,Financial & Investments
Travel House (Pvt) Ltd,Services
Mars Zimbabwe Pvt Ltd Nostro FCA EX,Services
Bluesky Farms Pvt Ltd,Agriculture
Grandstore Investments Pvt,Distribution
Gabwat Enterprises EXPENSES,Services
Fulcrum Engineers Pvt Ltd,Services
Allu-Mix Investments (Pvt FCA Dom,Services
Senlis Consultancy PL Nostro FCA,Services
Seashi Transport Pvt Ltd Nostro,Transport
Winds Corporate Services PL,Services
Zentland Invest TA C Exp NOSTRO,Services
DUTCH REFORMED CHURCH CHINHOYI,Services
Langaville Enterprise Pvt Ltd,Services
PIN Tail Trading Pvt Ltd,Distribution
RCZ Kwekwe Congregation,Services
CADEROTH INVESTMENTS PVT LTD,Services
Wellspent Trading Pvt Ltd,Distribution
Debra Kangomba,Services
Cornerstone Fellowship Internation,Services
Gospelink Zimbabwe NGO NOSTRO,Services
Tigere Freshly Picked Pvt Ltd,Services
Triomf Fertilizers Zimbabwe (Pvt) L,Services
CIMAS MEDICAL AID SOCIETY,Services
Sandrise Properties Pvt Ltd,Financial & Investments
Grace to Heal,Services
NEWTON PLASTIC INDUSTRIES PRIVATE LIMITED,Manufacturing
The Victoria Falls Theatre Company,Services
Biocarbon Manicaland Pvt Ltd,Mining
St Pauls Anglican Church Highfield,Services
Meihui International Mining Company Pvt Ltd,Mining
Pada Platform,Services
Harare City East SDA Church,Services
Honda Centre (Twenty Ten) (Pvt) Ltd,Services
Xtreme Action Cleaners P/L,Services
Avenir Electrical Pvt Ltd,Services
Pretage Furnitures Private Limited,Services
Susurumba Vacation Pvt Ltd,Services
Amcham Africa LLC,Services
Transitenergy,Services
DLWZ Properties Pvt Ltd,Financial & Investments
Caneloan Products PL,Services
Garsu Pasaulis Zimbabwe Pvt Ltd,Services
Mwakayote Capital Partners Pvt Lt,Financial & Investments
Cicada Katiyo Pvt Ltd,Services
Vicfalls Destination Mana,Services
Our Lady of the Wayside Parish,Services
ZAOGA FIF Mbare District,Services
Refiloe Trading PL ta ATS Agrochemi,Distribution
JSS National Holdings Pvt Ltd,Financial & Investments
Fanakuad PBC,Services
Sweatband (Pvt) Ltd,Services
Magnum Alley Pvt Ltd,Services
Heymax Investments P/l,Services
Tongfu Investments Pvt Ltd,Services
REFORMED CHURCH GWERU CONGREGATION CHURCH,Services
Ukuru Design Hub Pvt Ltd,Services
Madokero Business Hub Pvt Ltd,Transport
Chimwari Safari Lodge Pvt Ltd,Services
Capernters Phase ll Manufacturing Cooperative,Manufacturing
Fidelity Life Assurance Zimbabwe Lt,Financial & Investments
Luckmore Sambili,Services
Gutu and Chikowero,Services
Goiwang Ent TA Natto Meals,Services
Remnant Pharmacy PL,Services
Covermate Investments,Services
Matinginde Holdings Pvt L FCA Dom,Financial & Investments
Pattaf Trading,Distribution
Washington Musarufu,Services
Frugiparus Enterprises Pvt Ltd Frugiparus Enterprises Pvt Ltd,Services
CHINA INTERNATIONAL WATER AND ELECT,Services
Doublevest Pvt Ltd,Services
Chisi Auto Private Limited,Transport
Everyday Import Wholesalers,Distribution
Antmac Solutions Pvt Ltd,Services
ZFC LTD,Services
ST Rupert Mayer Jesuit Community,Services
Amaidas Investments Pvt Ltd,Services
Nutromak Foods Pvt Ltd,Services
Riders Inn Pvt Ltd,Services
Steel Wholesale Pl,Services
Black Mambas Queens Football Club,Services
Berghaan Travel And Safari,Services
Jundoc Logistics PBC,Transport
Marko Muchinjiko Makomborero Pvt Lt,Services
Harmony Land P/L,Services
Saboti Trading and Transp,Distribution
Morongo Pvt Ltd,Services
Santa Thadeu Health Services,Services
Bins for Africa ta Chromium Trading,Distribution
Zohar Ent Pvt Ltd ta Natkon FCA DOM,Services
St Daniels Rehabilitation NOSTRO NG,Services
Campstate Investments Pvt Ltd,Services
OldGold Investments Pvt Ltd,Services
Seashi Investments Pvt Ltd,Services
Rukumu Consultants Private Limited,Services
Taimen Enterprises Pvt Ltd,Services
Bvekenya Safaris Pvt Ltd,Agriculture
Zuckerberg Investments PL,Services
Simuka Tariro Private Limited,Services
Middleridge Invest Nostro FCA Expor,Services
Morayford Garage Equipment,Transport
Chirairo and Associates,Services
Vicuna Investments Pvt Lt,Services
Untu Capital Pvt Ltd,Financial & Investments
Chasi Maguwudze Legal Practice Trus,Services
Masters Fine Foods,Services
TEARRACOTTA TRADING PVT LTD,Distribution
Uniya Pvt Ltd,Services
Pleasure in Palms,Services
MD Stobart Vallaro Pvt Ltd,Services
Infinity Cargo Pvt Ltd,Transport
Indulge Logistics (Pvt) Ltd,Transport
Organisation of Rural Associations For Progress,Services
Douglas St. Leger P/L,Services
Halometric Trading Pvt Lt,Distribution
Top Class Entertainment P,Services
R J Van Rensburg & Sons Pvt Ltd,Services
Chain International Pvt Ltd,Services
Wonak Investment T/a Innov 8,Services
Cultures Resort Pvt Ltd,Services
Siltrom Pvt Ltd-Windscreen Fitment,Services
Trowlink Investment Pl,Services
Barry and Chris Exotic Leather Pvt,Services
Methodist Church in Zimbabwe,Services
MULTI LAY PORPERTIES PVT LTD,Services
Lockfree Investments Pvt Ltd,Services
EARLCREEP INVESTMENTS PVT LTD,Services
Designcon Engineering Pra,Construction
Smart Risk Management Consultancy,Services
Blessing Madziro,Services
Thriving Engineering Pvt Ltd,Construction
Universal Bags (Private) Ltd,Services
ORAL PROJECTS PVT LTD,Services
Aug-Mak Investments Pvt Ltd,Services
Bupta Ltd,Services
Masterseed Electricals Pvt Ltd,Services
Sante Healthlife PL,Services
Letafa Unlimited PBC,Services
Powerline Africa Zimbabwe FCA Expor,Services
OCEAN MIRATES INVESTMENTS PL,Services
Forward in Prayer International Chu,Services
Jin An Corporation,Services
OLIVER HARUZIVISHE,Services
Zimbabwe Carbon Association,Mining
Distribution Group Africa Pvt Ltd,Services
Novilon Inv. t/a Passions Fashion,Services
Rotazom Investments P/L,Services
Orange Ville Trading,Services
Kitelight Investments PL FCA Dom,Services
NMBZ Holdings Limited,Services
Caledonia Holdings Zimbabwe Pvt Ltd,Services
Reid Infrastructure and Resources,Construction
Lemontree Technology-Zimloan,Services
Shuntai Investments,Services
Chenxi Investments,Services
Makandi Estates Pvt Ltd,Financial & Investments
ZIMBABWE POWER COMPANY PVT LTD,Services
Satguru Travel and Tours Satguru Travel and Tours,Services
ICECASH INVESTMENTS PL,Services
INSTATOLL ZIMBABWE PTY LTD,Services
FED NOMINEES,Services
Hytera Zimbabwe,Services
REEGUL INVESTMENTS,Services
Sogecoa Zimbabwe Private Sundries 1,Services
First Transfer -FMHL Dividend,Services
Duoflex Investments Pvt Ltd,Services
Comarton MPFI Consortium,Services
Zimbabwe Economic Development Initiative Housing C,Services
NYARADZO FELICIA MUZVONDIWA,Services
DSTV FCY,Services
Cailo Marketing Services,Distribution
Berry Tech Investments pvt ltd,Services
JINJUYUAN ZIMBABWE PRIVATE LIMITED,Services
Skynet Pvt Limited,Services
Belina Time Systems Pvt Ltd CARD,Services
FALCON COLLEGE TRUST,Services
Hui Tong International Pvt Ltd,Services
Colour Champion Pvt Ltd,Services
Xplug Solutions Limited,Services
Nyaradzo Funeral Assuranc NO 2,Services
First Mutual Health Company,Services
Mapfidza Rutsito Legal,Services
UNITED CAPITAL FERTIZER ZIMBABWE PVT LTD,Financial Organisation
Cool Cyclone Investments,Services
The Family Office Pvt Ltd,Services
CHG-35 Fife Ave Hospital,Services
Goho Finance Private Ltd,Financial Organisation
Lephet Investments Pvt Ltd,Services
Alpha Asset Management PL,Services
QUAYWAY INVESTMENTS PVT LTD,Services
Almid Pvt Ltd,Services
High Performance Lubes t/a Castrol,Services
Afogo Investments Pvt Ltd,Services
Medical Laboratory and Clinical,Services
Newview Enterprises Pvt Ltd,Services
Linda Banda Attorneys & Couns Trust,Services
Zimbabwe Research and Education Net,Services
Graton Investments Pvt Lt,Services
Jesuit Province of Zim Rental Prope,Services
Dertaur Investments PL,Services
Century Glass and Alumini,Services
Glidwell Trading TA Bhola Hardware,Services
Samukange Hungwe Attorneys Busines,Transport
Amcotts Trading Sub,Services
Tobacco Ind. Cricket Supp,Services
Greenbrier Investments Pv,Services
Koketso Investments ta T&A Drilling and Blasting,Services
Admatha Enterprises (Pvt) FCA Dom,Services
Fullbasket Investments Private Limited,Services
Paget Pax Endowment Fund,Services
Makute Software P/L,Services
NMB Properties Limited,Services
Cenfam Investments Pvt Ltd,Services
Zeal Resource Pvt Ltd,Services
Econet Wireless (Private) Ltd,Communications
PKF Card Account,Services
Seatrite Five Trust,Services
Mahembe Attorneys,Services
Tarisai Nyamucherera,Services
JERKIM TRADING PRIVATE LIMITED,Services
Bonvie Medical and Scheme,Services
Old Mutual Life Assurance Company,Insurance
Sibanda and Partners,Services
Umerji Ismail Mussa Mahomed,Services
Janis Fabric Centre,Services
Any Home Investments T-A,Services
Longcheng International T and C 1,Services
Zimbudirira Investments development,Services
Reaches Investments Bulawayo,Services
K J Investments,Services
Evenpress Investments Pvt Ltd,Services
Golden Brooks Marketing,Distribution
Border Timbers Limited BWP,Services
Pearlspot Enterprises Pvt FCA Dom,Services
Pharmaceutical and Chemical Distrib,Manufacturing
Labcal Pvt Ltd,Services
Hardbottle Investments EXPENSES ACC,Services
Export Credit Guarantee Corporation,Services
Intrachem Private Limited,Services
St Angela Academy,Services
Afritractors Zimbabwe PL Sub Accoun,Services
Wildlife Medicinal Cannabis Pvt Ltd,Services
Dotpark Enterprises PL Dotpark Enterprises PL,Services
Powertrove Pvt ltd,Services
Goldney Investments Pvt Ltd,Services
Packwell Zimbabwe Pvt Ltd,Services
Mama Money Suspense Account,Services
African Extracts Pvt Ltd,Services
Enpasent Multiple Agent PL,Services
Vital Computers (Private) Limited,Services
Ferro Consulting Of Zim Pvt Ltd,Services
Chalkmart Trading Pvt Ltd,Services
Mikasa Tawanda Maringire,Services
Rosefat Investments (Pvt) Ltd,Services
King Lion Motorways P L,Services
Al Shakur Investments Pvt,Services
Chrysalis Trading ta Ivory Lodge Pvt Ltd,Services
Belina Support Services Pvt Ltd,Services
Finbiz T/A Star Travel,Services
GVM Johnson Families Trust,Services
Data Control & Systems t/a Liquid 2,Services
Passage Enterprises Pvt Ltd,Services
Cup Bearer Trading Pvt Ltd,Services
M V Mooljee and Sons TA Bag Centre,Services
Maurice Hasson Pvt Ltd,Services
Streamsleigh Investments Pvt Ltd,Services
PCD Diagnostic P/L Nostro,Services
ISROM Engineering Services Pvt Ltd,Services
U Link Freight PL,Transport
Garabga,Services
Parchart Enterprises Pvt Ltd,Services
Brother Benjamin Foundation,Services
Mukuru Ledger Account USN,Services
Brands People Pvt Ltd,Services
Imponeer Ser TA Ian And Co FCA Dom,Services
DDH and M Pvt Ltd,Services
Rapid Roots Investments Private Limited,Services
Leosecy Private Limited,Services
Controlled Hygiene PL TA,Services
Afri-Group Incorporated Pvt Ltd,Services
Wiruma (1994) Pvt Ltd- Sinking Acc,Services
Ponananza Enterprises Private Limited,Services
Pink bottoms ta Body Therapy,Services
Appletree Engineering Pvt,Services
Zimstrategic Property Developers Private Limited,Financial & Investments
Kerrysdale Investments,Services
Masara Savanhu Attorneys Trust,Services
WILFRED MUFANDAEDZA,Services
Consolidated Farming Invest Nostro,Agriculture
Cathedral of St Mary and,Services
Runeford Industries FCA Dom,Manufacturing
Zimnat Life Assurance Com,Insurance
ST IGNATIUS JESUIT COMMUNITY,Services
RICHBASIN MINERALS PRIVATE LTD,Mining
Rudra Metal Impex Pvt Ltd,Services
Panpick Trading P/l Sub Account,Services
Royal Luxury Events Pvt Ltd,Services
PLAN FOR SIXTY MICROFINANCE PVT LTD,Financial Organisation
Bridges Real Estate Pvt Ltd Trust,Services
Nyakutombwa Legal Counsel,Services
ZIMSONA,Services
Ganfeng Lithium Zimbabwe Pvt Ltd,Services
Birria Investments P/L,Services
Zexcel Technology Pvt Ltd,Services
Obbridge Enterprises Pvt Ltd,Services
Country Stone Private Lim,Services
RURAL ELECTRIFICATION AGENCY,Services
The Shutter Door Company Pvt Ltd,Services
Portcullis P/L T/A FCB,Services
John Galt VillageOwners AssoSevices,Services
Chriskud Enterprises PL,Services
INFRA MINING CONSULTANCY PVT LTD,Mining
Riverside College,Services
Lunga-Mazikana Attorneys,Services
Varichem Pharmaceuticals Sub,Manufacturing
Rudmod Developement Pvt Ltd,Services
Mabvazuva ResAssociation Electricity Cluster8and12,Services
GEC Zimbabwe Pvt Ltd,Services
Pilwip Enterprises,Services
S Mguni And Associates,Services
The Uni People,Services
HMC Pvt Ltd,Services
Simbisa Brands Zimbabwe Pvt Ltd,Services
Rabakol Investments,Services
Solution Centre Pvt Ltd,Services
Billerbeck Investments Pv Expenses,Services
CICADA Solar Zimbabwe Pvt Ltd,Services
Mautric Electrical P L Nostro FCA,Services
Nanomed Technologies,Services
Touchstone (Pvt) Ltd,Services
Jestic Trading PL,Services
Safepro Security Systems,Services
Croco Motors (Pvt) Ltd,Transport
MABVAZUVA RESIDENTS ASSOCIATION-WEST,Services
Development Data Trust,Services
Leon Duplessis Safaris,Services
Virgin Trust Co Pvt Ltd No 2 Acc,Services
Trip Trans Bus Company Pvt Ltd,Transport
Condere Zimbabwe Wholesalers,Distribution
Baker Tilly Gwatidzo Adv IDDS Funds,Services
Samaritan Opticals Pvt Ltd,Services
ROC Systems Pvt Ltd,Services
Mahomed Mussa Wholesalers,Distribution
Allele Investments PL,Services
Lauetta Investments Pvt Ltd,Services
Japura Investments Pvt Ltd,Services
Bulawayo Central BSPZ,Services
Mowark Investments Pvt Ltd,Others
Godmcy Distributors Pvt,Distribution
SpaceTA Hotel Eastgate FCA Domesti,Others
Tanaka Chapfika,Others
P S Timms and Son PL P S Timms and Son PL,Others
Gindalo Investments Ta Bigman Whole,Others
Glenn Tawanda Tavarwisa,Others
Linkage Supplies (Pvt) Ltd,Others
Dongo Sawmill Villas Acc,Others
Zhuhe INvestments,Others
Bright Shoko,Others
GreenCore Kurima Centre Pvt Ltd,Agriculture
Spadix Investments PL,Others
ENIA MURWIRA,Others
APADIA INVESTMENTS PVT LTD,Others
Letombo Park Owners Association,Individuals
DARKSVILLE INVESTMENTS PVT LTD,Others
Smyth Electrical Pvt Ltd,Others
Massive Entertainment Pvt,Others
Trust Risk Services T A TIB,Individuals
Key Services,Services
Nettle Palm Private Limited,Others
Stock Services Trading(Pvt) Ltd,Distribution
Gitesh Harshabhai Patel,Others
HR Practice Pvt Ltd,Others
Hacksaw Investments P/L,Others
Simbarashe Shumbayaonda,Others
Gift Patsika,Others
ENOCK TSHUMA,Others
Quinflair Investments PL,Others
Southern City Academy,Education
SIMBISO GWINJI,Others
Joshi Sports Wolrd Private Limited,Others
Ministry of health Bindura district,Health
Tombo Stone Mining & Processing P/L,Mining
Auxilia Tembo,Others
Well Arrangement Travel Services,Services
Chedon Investments Compan,Others
Sabistone Investments,Others
St Francis Anglican Church G Norah,Individuals
Quest Financial Services Nostro FCA,Services
Stout Stuff Pvt Ltd,Others
Infocenta Private Limited,Others
Formantros Pvt Ltd Nostro FCA Expor,Others
Mellennium Caterers Pvt L,Others
Simon Manzanga,Others
Stainburg Enterprises SUB,Others
RCZ Kuwadzana Ext Congregation,Others
Religious Of The Sacred Heart Of Mary,Others
Byiringiro Investments Pvt Ltd,Others
Ebnezer Katurura,Others
Junior Cargo Pvt Ltd,Others
Tecsol Reliability Sub,Others
Nhedziwa Farmers Market Association,Agriculture
Tanyanyiwa and Associates,Others
Bellevue Recreation Club,Others
Eskill Trading Pvt Ltd,Distribution
Chappaqua,Others
CUTHBERT TAZVITYA,Others
Gift Siamalambo,Others
Pro Kingdom Legacy,Others
City Plastic Ind Nostro FCA (Domest,Others
Mdecross Enterprises Private Limited,Others
Sherwood Park Estate,Others
Matabeleland Tractor Services,Agriculture
Manapros Investments Pvt Ltd,Others
Uhambowide Incorporation NOSTRO,Others
Pontane Technologies PBC,Others
Utopia Industrial and Hom Expenses,Others
Genfarm Pvt Ltd,Agriculture
Peace Security Company,Others
Grace Ablaze Ministries Int,Others
Humlet Investments Pvt Ltd,Others
MONTFORT INVESTMENTS (PVT)LTD,Others
Pharmacure Distributors Pvt Ltd,Distribution
Eco Logical Safaris and Travel,Others
Shilden Investments PL,Others
LINUS STANLEY MATAMBO,Others
Anhua Chenxi Mining,Mining
BARLSEN INVESTMENTS PVT LTD,Others
AFM Agape Assembly Main Acc,Others
Stokeset Enterprises Pvt Ltd,Others
Trade Union & Allied Staff Workers,Others
One Stop Investments Pvt Ltd,Others
Craftston Trading T/A Corporate 24,Distribution
ZUKWA ENTERPRISES PVT LTD,Others
The Roy Turner Trust,Individuals
Victorious Hope Trust,Individuals
National Brakes and Clutc,Others
Captiman Services Pvt Ltd,Services
Hirtam Finance Private Ltd,Financial
Majestic Hardware and Building,Others
Father Ohea Memorial Hospital,Health
Readers Raven Trading Pl,Distribution
Mulridge Ent t/a Bootlegg Nostro,Others
Gwinnet Investments Pvt Ltd,Others
Kenac Computer Systems Pvt Ltd,Others
Phoenix Management Pvt Lt,Others
Macnally Enterprises Pvt,Others
Viotack It Suppliers Pl,Others
Orion Capital Investments Zimbabwe,Others
Doveflair Private Limited,Others
Stanford Simangaliso Logistics,Transport
Hozma Enterprises (Pvt) Ltd,Others
Westbill Trading TA Steel Warehouse,Distribution
Grandchem Pharmacy Pvt Ltd,Others
Fungai Cannisious Nyadore,Others
Graniteside Electrical And Hardware,Others
Pari Phase Two Zesa Group,Others
Muwil Pvt Ltd,Others
Chengetedzai Depository Company Ltd,Others
Triteleila Engineering Pv,Construction
Jannnice Jammie And Jorda,Others
First Empire Investments PL,Others
Prolook Private Limited,Others
Lages Premier Pvt Ltd,Others
Gweru Provincial Hospital,Health
Johnson Chimuka,Others
Marshmia Farm (LG 15/09 Deposit),Agriculture
LACSON SHARA,Others
Shun Hua Enterprises,Others
Mohammed V1 Foundation of African,Others
Mcmity Trading Pvt Ltd,Distribution
Cedric Jonker Spraypaints,Others
Cash Guru SACCOS,Others
Splendor Energy Pvt Ltd,Others
St Andrews Banket CPCA,Financial
Ktulu Resources Private Limited,Mining
Matthewbrown Investments,Others
Mistryview Investments,Others
Mark Richard David Stonier,Others
Auto Notch Pvt Ltd,Others
Motor and Trade Invest Co,Others
Scotia Auto Parts PL Nostro FCA Dom,Others
Novel Holdings PL,Others
Gold Elephant Private Limited,Others
Webs for Africa Technologis Salarie,Others
NYASHA EMMANUEL KUMUNDA,Others
CHARITY SHEILLAH MUTANDI,Others
MARY MUBOKO,Others
Isavor Enterprises Pvt Ltd,Others
Sage Investments Card Acc,Others
Morgan and Co International Pvt Ltd,Others
Bible Believers of Good Hope Church,Individuals
Grandbull Trading Pvt Ltd,Distribution
Power Gwenyamoto Pvt Ltd,Others
P K Advisory Services PL,Services
Nyaradzo Life Assurance Company,Others
Bulawayo Chevra Kadisha,Others
Adam Makda Trust Fund,Individuals
Wood and Keith Shopfitter Expenses,Others
Helcraw Electrical Pvt ltd,Others
Macaid Pharmaceuticals Pvt Ltd,Manufacturing
BRINE CHIPANGURA,Others
Greenbux Money Transfer P L,Others
Essentials by Tanya,Others
Handik Holdings Private Limited,Others
Dampack Enterprises Pvt Ltd,Others
Trial Truckspares (private) Limited,Others
Royal Institute Of Management and E,Others
Inage Investments Pvt Ltd petty cas,Others
Brelica Investments Pvt Ltd,Others
Dandemutande Harare,Others
Nuff Rod Investments PL,Others
Mountview Academy Pvt Ltd,Education
Gabrity Trading Pvt Ltd,Distribution
I Am Fellowship Internati Harare,Others
Fountain of Knowledge ECD,Others
Tinovimbaishe Kapondera,Others
Dar Al Salaam Foundation,Others
Makalt Motors Pvt Ltd,Others
Bulawayo Metro Rugby Football Boar,Others
Onrus Investments Pvt Ltd,Others
VISTA ADVISORY SERVICES PVT LTD,Services
Pown Engineering (Pvt) Lt Sub,Construction
Nomras Trading Pvt Ltd,Distribution
RDM Logistics,Transport
Mhangura Football Club,Others
Sisters Of The Precious Blood,Others
CONSTANCE NEHANDA,Others
Solid Pacific Private Limited,Others
Matland Borehole Project Trust,Individuals
Sables Motor Club,Others
A B J General Engineering PL FCA Do,Construction
Aarodav Enterprise TA Lawhic Invest,Others
The Carter Center Inc,Others
Black Rhinos Football Expenses,Others
Tilltrade Xchange Private,Others
Mushuma Law Chambers Business AC,Others
Tevena Investments Pvt Lt,Others
Biosmart Humas Fert Pvt Ltd,Others
PERFECT MOYO,Others
Openly Africa Investments,Others
Signature Eleven Eleven Pvt Ltd,Others
Multifunction Investments Pvt Ltd,Others
Bentley Brayant Creative EXPENSES,Others
J K Jackson Holdings P/L,Others
TAFADZWA SINGIZI,Others
MEAT RETREAT PVT LTD,Others
Zebraline Enterprises Pvt,Others
Gold Medal Furniture Pvt Ltd,Others
Errant Trading Pvt Ptd,Distribution
Autoplan Risk Management Nostro FCA,Others
Sunbath Investments PL,Others
Skylim Supplies Pvt Ltd,Others
Mabwe Solutions Pvt Ltd,Others
Brentcross Enterprises Pvt Ltd,Others
Sunningdale Constituency 2,Others
Oleifera Pharmaceuticals,Manufacturing
Chroma Management Consultants,Services
MANICA ROAD FAMILY TRUST,Individuals
Hallmark Medical Pvt Ltd,Others
White Horse Inn (Pvt) Ltd,Others
Geshem Mberi,Others
Tracizm Private Business,Others
Senjia Zimbabwe Pvt Ltd,Others
Zhong Jian International Private Limited,Others
Define Horizon t-a Tip Top Stores,Others
Swift Traders Pvt Ltd,Others
RACHEL SAMENUKA,Others
Sharina Enterprises Pvt Ltd,Others
Bhunu And Associates Trust,Individuals
BILLY MAPFUMO,Others
Nisor Pvt Ltd,Others
Jesuit Province of Zim and Moza For,Others
Clangers Enterprises PBC,Others
Caffrey Logistics Pvt Ltd,Transport
CAPS (Pvt) Ltd,Others
Zayna Investments Pvt Ltd,Others
Melomak Holdings,Others
MIDAVEM PVT LTD,Others
Winnet Chinzombe,Others
Jackson Munyeza Pools and,Others
Kulderane Farming,Agriculture
Ultrazen Investments Pvt Ltd,Others
Don Foss Enterprises Pvt,Others
Green Valley Vineyards Pvt,Agriculture
Caroline Chinyanga,Others
Eddington Tech Engineering Co. P/l,Construction
Afriparts Distribution Pvt Ltd,Others
Heidi's Gems PVT LTD,Others
Statefields Enterprises Pvt Ltd,Others
Artery Enterprises (Pvt),Others
Strategic Synergy P/L,Others
Virtual Corporate Services,Services
Platinum Grace Investment,Others
Three R Investments Pvt Ltd,Others
Access Heights Private Limited,Others
Arvuti Solutions Pvt Ltd,Others
Altgem Incorporated Pvt Ltd,Others
Allest International Trading Company Pvt Ltd,Distribution
I am Fellowship Intl NGO NOSTRO,Others
Botcare Enterprises Pvt Ltd,Others
Banket District Hospital,Financial
BENROSE INVESTMENTS PVT LTD,Others
Stohill Investments P/L -Trust acc,Individuals
Techport Computer Systems P/L,Others
MUZUKURU FUNERAL STREAMING SERVICES,Services
St.Alphonsus Church Charles Luwanga,Individuals
Mungonye Investments PBC,Others
Farai Chiwaura,Others
ACCESS FOREX PVT LTD,Financial
Central Mash Co op Union Ltd,Others
Bulawayo Young Men's Christian Asso,Others
CHAMUNORWA MARUZA MUTONHO,Others
Flaintop Business Systems,Others
New Mutual Investments Pvt Ltd,Others
Gabsbrown Investments,Others
St Peters Catholic Church,Individuals
Keystone Global Analytics Pvt Ltd,Others
Pat Dunn Investments Pvt Ltd,Others
Mangera Property Investments PL,Others
Ndlovukazi Bulawayo Villa,Others
Crestlife Enterprises t/a Crest SUB,Others
Elimobil Enterprises PL FCA Dom,Others
Callcape Investments Pvt Ltd,Others
